id,Menu,Energy (kJ),Protein (g),Fat (g),Carbohydrates (g),Dietary Fiber (g),PUFA (g),Cholesterol (mg),Vitamin A (mg),Vitamin E (eq.) (mg),Vitamin B1 (mg),Vitamin B2 (mg),Vitamin B6 (mg),Total Folic Acid (Âµg),Vitamin C (mg),Sodium (mg),Potassium (mg),Calcium (mg),Magnesium (mg),Phosphorus (mg),Iron (mg),Zinc (mg),meal_type
1,bihun goreng,992,1.9,15.2,22.9,0.2,8.8,0,0,1,0.02,0.02,0.04,2,0,0,23,2,10,30,0.2,0.3,Sarapan
2,ubi jalar putih,469,2.4,0.1,26.3,1.4,0.1,0,0,6,0.12,0.03,0.26,18,14,3,348,9,30,45,0.9,0.6,Cemilan
3,martabak manis,929,2.5,17.1,15.2,0,9,85,38,1,0.01,0.11,0.02,9,0,25,26,10,2,35,0.3,0.2,Cemilan
4,mie ayam,590,4.8,0.7,28.3,1.7,0.3,0,0,0,0.02,0.02,0.04,7,0,1,31,7,18,54,0.5,0.5,Makan Siang
5,mie bakso,590,4.8,0.7,28.3,1.7,0.3,0,0,0,0.02,0.02,0.04,7,0,1,31,7,18,54,0.5,0.5,Makan Siang
6,mie basah,590,4.8,0.7,28.3,1.7,0.3,0,0,0,0.02,0.02,0.04,7,0,1,31,7,18,54,0.5,0.5,Makan Siang
7,mie kering,1360,9.6,6.4,56.6,3.4,0.7,0,0,0,0.04,0.04,0.08,14,0,2,62,14,36,108,1,1,Makan Siang
8,mie soun,1594,0.3,0.1,91.3,0.9,0,0,0,0,0,0,0,0,0,9,3,2,3,13,0.5,0.1,Makan Siang
9,misoa,1297,10.6,1.5,62.3,3.7,0.7,0,0,0,0.04,0.04,0.09,15,0,2,68,15,40,119,1.1,1.1,Makan Siang
10,nasi goreng,1046,3.5,17.2,20.1,0.2,8.9,26,10,1,0.02,0.05,0.06,4,0,9,43,5,11,44,0.3,0.5,Makan Siang
11,nasi jagung,506,2.8,0.6,27.2,1.3,0.3,0,5,0,0.1,0.04,0.05,20,2,7,117,3,21,63,0.4,0.4,Makan Siang
12,nasi liwet,544,2.4,0.2,28.6,0.3,0.1,0,0,0,0.02,0.02,0.05,2,0,0,29,3,13,37,0.2,0.4,Makan Siang
13,nasi lunak and kangkung,423,2.4,0.2,22,0.7,0.1,0,76,1,0.03,0.03,0.07,20,6,4,72,21,14,38,0.4,0.4,Makan Siang
14,nasi putih,544,2.4,0.2,28.6,0.3,0.1,0,0,0,0.02,0.02,0.05,2,0,0,29,3,13,37,0.2,0.4,Makan Siang
15,nasi putih kukus,544,2.4,0.2,28.6,0.3,0.1,0,0,0,0.02,0.02,0.05,2,0,0,29,3,13,37,0.2,0.4,Makan Siang
16,nasi soto,272,1.2,0.1,14.3,0.2,0.1,0,0,0,0.01,0.01,0.03,1,0,0,15,2,7,19,0.1,0.2,Makan Siang
17,nasi tim,490,2.2,0.2,25.7,0.3,0.1,0,0,0,0.02,0.02,0.05,2,0,0,26,3,12,33,0.2,0.4,Makan Siang
18,nasi tim ayam,586,5.8,3,21.5,0.2,0.7,12,6,0,0.03,0.05,0.08,2,0,11,49,4,13,55,0.4,0.6,Makan Siang
19,nasi tim bayam,418,2.1,0.2,21.8,0.5,0.1,0,45,0,0.02,0.02,0.05,12,4,2,52,13,12,34,0.3,0.3,Makan Siang
20,nasi tim daging,649,5.4,4.8,21.5,0.2,0.3,13,0,0,0.03,0.04,0.09,2,0,8,71,3,13,56,0.4,0.9,Makan Siang
21,nasi tim wortel kentang,439,2,0.2,23.2,0.7,0.1,0,194,0,0.03,0.02,0.09,4,2,7,82,6,13,34,0.2,0.3,Makan Siang
22,nasi uduk,494,2.1,1.5,23.5,0.6,0.1,0,0,0,0.02,0.02,0.04,3,0,1,37,3,12,34,0.3,0.4,Makan Siang
23,nastar,866,4.4,2,42.9,0.6,0.3,72,32,0,0.03,0.1,0.03,11,0,22,45,12,7,54,0.5,0.3,Cemilan
24,roti bakar meises,1188,8.6,4.3,52.5,2.7,0.7,0,0,0,0.11,0.08,0.04,30,0,579,126,11,31,106,0.6,0.9,Sarapan
25,roti isi nanas,1054,7.5,2.6,49.1,2.4,0.6,0,0,0,0.09,0.07,0.03,26,0,518,96,9,23,89,0.4,0.8,Sarapan
26,roti isi strawberry,1054,7.5,2.6,49.1,2.4,0.6,0,0,0,0.09,0.07,0.03,26,0,518,96,9,23,89,0.4,0.8,Sarapan
27,roti keju,1172,9.6,4.5,49.4,2.7,0.7,5,15,0,0.11,0.1,0.04,30,0,610,112,46,27,125,0.5,1,Sarapan
28,roti kukis,1188,8.6,4.3,52.5,2.7,0.7,0,0,0,0.11,0.08,0.04,30,0,579,126,11,31,106,0.6,0.9,Sarapan
29,roti manis,1192,7.9,2.7,56.7,2.5,0.6,0,0,0,0.1,0.07,0.04,28,0,548,102,9,24,95,0.5,0.8,Sarapan
30,roti mocca,1188,8.6,4.3,52.5,2.7,0.7,0,0,0,0.11,0.08,0.04,30,0,579,126,11,31,106,0.6,0.9,Sarapan
31,roti mukka special,1188,8.6,4.3,52.5,2.7,0.7,0,0,0,0.11,0.08,0.04,30,0,579,126,11,31,106,0.6,0.9,Sarapan
32,roti pawa rp.50,1146,8.8,3,51.9,2.8,0.7,0,0,0,0.11,0.08,0.04,31,0,609,113,10,27,105,0.5,0.9,Sarapan
33,roti pisang,615,3.3,1.3,32,2.5,0.3,0,6,0,0.07,0.09,0.42,23,6,183,311,7,28,46,0.4,0.4,Sarapan
34,roti selei nenas,1172,8.4,2.9,54.3,2.7,0.7,0,0,0,0.1,0.08,0.04,29,0,579,107,10,26,100,0.5,0.9,Sarapan
35,roti sisir,766,5,2,36,1.4,0.4,21,10,0,0.06,0.07,0.03,18,0,311,63,8,14,61,0.3,0.5,Sarapan
36,roti surabaya,766,5,2,36,1.4,0.4,21,10,0,0.06,0.07,0.03,18,0,311,63,8,14,61,0.3,0.5,Sarapan
37,roti susu,1280,10.8,6.2,51,2.5,0.7,13,50,0,0.14,0.23,0.09,33,1,598,228,113,34,177,0.5,1.2,Sarapan
38,roti tawar,1146,8.8,3,51.9,2.8,0.7,0,0,0,0.11,0.08,0.04,31,0,609,113,10,27,105,0.5,0.9,Sarapan
39,roti tawar manis,1192,7.9,2.7,56.7,2.5,0.6,0,0,0,0.1,0.07,0.04,28,0,548,102,9,24,95,0.5,0.8,Sarapan
40,gude,1335,22,1.2,57.1,15.7,0.6,0,6,0,0.29,0.26,0.2,302,0,15,777,104,125,363,4.4,2.9,Sarapan
41,jengkol,176,2.7,0.1,7.8,2.8,0.1,0,30,0,0.13,0.08,0.11,32,7,2,136,14,20,59,0.8,0.6,Sarapan
42,kacang hijau,485,7.7,0.5,20.8,6.5,0.2,0,2,0,0.2,0.06,0.1,208,0,4,278,24,53,156,2.5,1.3,Cemilan
43,kacang kapri mentah,351,5.4,0.2,15.6,5.5,0.1,0,60,0,0.26,0.15,0.22,63,14,3,271,27,39,117,1.5,1.2,Cemilan
44,kacang kapri muda mentah,351,5.4,0.2,15.6,5.5,0.1,0,60,0,0.26,0.15,0.22,63,14,3,271,27,39,117,1.5,1.2,Cemilan
45,kacang merah,1402,23,1.3,60.2,16.9,0.8,0,0,0,0.42,0.16,0.32,343,3,5,1064,74,119,375,7.7,2.9,Cemilan
46,apel,247,0.2,0.4,15.3,2.7,0.1,0,5,1,0.02,0.01,0.05,3,6,0,115,7,5,7,0.2,0,Sarapan
47,asam mangga,272,0.5,0.3,17,1.8,0.1,0,10,1,0.06,0.06,0.13,5,43,2,156,10,9,11,0.1,0,Sarapan
48,asam masak di pohon,1067,2.7,0.4,67.2,3.4,0.1,0,1,1,0.14,0.08,0.21,3,3,10,638,42,28,82,1.8,0.3,Sarapan
49,belimbing,134,0.6,0.4,7.2,0.5,0,0,37,0,0.08,0.02,0.14,2,10,2,116,8,11,9,0.2,0.1,Sarapan
50,belimbing wuluh,134,0.6,0.4,7.2,0.5,0,0,37,0,0.08,0.02,0.14,2,10,2,116,8,11,9,0.2,0.1,Sarapan
51,buah pisang susu,385,1,0.5,23.4,2.4,0.1,0,8,0,0.05,0.1,0.58,19,9,1,396,6,29,20,0.3,0.2,Sarapan
52,bungkil kelapa,1552,1.7,16.8,57.6,4.5,0.2,0,0,1,0.04,0.02,0.03,13,2,11,179,8,16,58,1.3,0.6,Sarapan
53,mangga masak,272,0.5,0.3,17,1.8,0.1,0,400,1,0.06,0.06,0.13,14,36,2,156,10,9,11,0.1,0,Sarapan
54,mangga muda,272,0.5,0.3,17,1.8,0.1,0,10,1,0.06,0.06,0.13,5,43,2,156,10,9,11,0.1,0,Sarapan
55,mangga nanas,272,0.5,0.3,17,1.8,0.1,0,400,1,0.06,0.06,0.13,14,36,2,156,10,9,11,0.1,0,Sarapan
56,mangga pakel,272,0.5,0.3,17,1.8,0.1,0,10,1,0.06,0.06,0.13,5,43,2,156,10,9,11,0.1,0,Sarapan
57,mangga sengir masak,272,0.5,0.3,17,1.8,0.1,0,10,1,0.06,0.06,0.13,5,43,2,156,10,9,11,0.1,0,Sarapan
58,mangga sepat,272,0.5,0.3,17,1.8,0.1,0,400,1,0.06,0.06,0.13,14,36,2,156,10,9,11,0.1,0,Sarapan
59,mangga telo,272,0.5,0.3,17,1.8,0.1,0,10,1,0.06,0.06,0.13,5,43,2,156,10,9,11,0.1,0,Sarapan
60,manggis,247,0.2,0.4,15.3,2.7,0.1,0,5,1,0.02,0.01,0.05,3,6,0,115,7,5,7,0.2,0,Sarapan
61,matuwa,247,0.2,0.4,15.3,2.7,0.1,0,5,1,0.02,0.01,0.05,3,6,0,115,7,5,7,0.2,0,Sarapan
62,melinjo (buah),197,0.9,0.1,11.8,2.4,0,0,8,0,0.09,0.04,0.06,30,53,0,181,40,10,14,0.1,0.1,Sarapan
63,menteng / kemundung,247,0.2,0.4,15.3,2.7,0.1,0,5,1,0.02,0.01,0.05,3,6,0,115,7,5,7,0.2,0,Sarapan
64,nanas,205,0.4,0.4,12.4,1.2,0.1,0,2,0,0.09,0.04,0.09,11,15,1,113,7,14,7,0.4,0.1,Sarapan
65,nangka masak di pohon,485,0.8,0.2,31.2,2.3,0.1,0,91,0,0.05,0.05,0.24,26,11,5,465,2,32,28,0.6,0.1,Sarapan
66,pepaya,163,0.6,0.1,9.8,1.8,0,0,135,1,0.03,0.03,0.02,38,62,3,257,24,10,5,0.1,0.1,Sarapan
67,pepaya muda mentah,92,1,0.4,4.5,2.8,0.2,0,13,0,0.06,0.06,0.11,20,20,8,97,31,8,15,0.2,0.1,Sarapan
68,pisang ambon,385,1,0.5,23.4,2.4,0.1,0,8,0,0.05,0.1,0.58,19,9,1,396,6,29,20,0.3,0.2,Sarapan
69,pisang ambon hong matang,385,1,0.5,23.4,2.4,0.1,0,8,0,0.05,0.1,0.58,19,9,1,396,6,29,20,0.3,0.2,Sarapan
70,pisang ambon mentah,385,1,0.5,23.4,2.4,0.1,0,8,0,0.05,0.1,0.58,19,9,1,396,6,29,20,0.3,0.2,Sarapan
71,pisang raja,385,1,0.5,23.4,2.4,0.1,0,8,0,0.05,0.1,0.58,19,9,1,396,6,29,20,0.3,0.2,Sarapan
72,pisang raja bandung,385,1,0.5,23.4,2.4,0.1,0,8,0,0.05,0.1,0.58,19,9,1,396,6,29,20,0.3,0.2,Sarapan
73,pisang raja bandung mentah,385,1,0.5,23.4,2.4,0.1,0,8,0,0.05,0.1,0.58,19,9,1,396,6,29,20,0.3,0.2,Sarapan
74,pisang raja kawista matang,385,1,0.5,23.4,2.4,0.1,0,8,0,0.05,0.1,0.58,19,9,1,396,6,29,20,0.3,0.2,Sarapan
75,pisang raja mentah / muda,385,1,0.5,23.4,2.4,0.1,0,8,0,0.05,0.1,0.58,19,9,1,396,6,29,20,0.3,0.2,Sarapan
76,pisang raja nangka matang,385,1,0.5,23.4,2.4,0.1,0,8,0,0.05,0.1,0.58,19,9,1,396,6,29,20,0.3,0.2,Sarapan
77,pisang raja nangka mentah,385,1,0.5,23.4,2.4,0.1,0,8,0,0.05,0.1,0.58,19,9,1,396,6,29,20,0.3,0.2,Sarapan
78,pisang raja sereh (susu),385,1,0.5,23.4,2.4,0.1,0,8,0,0.05,0.1,0.58,19,9,1,396,6,29,20,0.3,0.2,Sarapan
79,pisang raja uli,385,1,0.5,23.4,2.4,0.1,0,8,0,0.05,0.1,0.58,19,9,1,396,6,29,20,0.3,0.2,Sarapan
80,pisang rama,385,1,0.5,23.4,2.4,0.1,0,8,0,0.05,0.1,0.58,19,9,1,396,6,29,20,0.3,0.2,Sarapan
81,pisang rayap matang,385,1,0.5,23.4,2.4,0.1,0,8,0,0.05,0.1,0.58,19,9,1,396,6,29,20,0.3,0.2,Sarapan
82,pisang santen,385,1,0.5,23.4,2.4,0.1,0,8,0,0.05,0.1,0.58,19,9,1,396,6,29,20,0.3,0.2,Sarapan
83,pisang siam,485,0.8,0.2,31.2,2.3,0.1,0,91,0,0.05,0.05,0.24,26,11,5,465,2,32,28,0.6,0.1,Sarapan
84,pondoh kelapa,54,1,0.2,2.1,1.4,0.1,0,33,0,0.05,0.03,0.04,56,4,9,158,19,9,20,0.5,0.2,Sarapan
85,rambutan,205,0.4,0.4,12.4,1.2,0.1,0,2,0,0.09,0.04,0.09,11,15,1,113,7,14,7,0.4,0.1,Sarapan
86,rambutan aceh,205,0.4,0.4,12.4,1.2,0.1,0,2,0,0.09,0.04,0.09,11,15,1,113,7,14,7,0.4,0.1,Sarapan
87,salak,343,0.2,0.4,21.3,2.7,0.1,0,5,1,0.02,0.01,0.05,3,6,0,115,7,5,7,0.2,0,Sarapan
88,semangka,134,0.6,0.4,7.2,0.5,0,0,37,0,0.08,0.02,0.14,2,10,2,116,8,11,9,0.2,0.1,Sarapan
89,semangka muda,134,0.6,0.4,7.2,0.5,0,0,37,0,0.08,0.02,0.14,2,10,2,116,8,11,9,0.2,0.1,Sarapan
90,setup pepaya,163,0.6,0.1,9.8,1.8,0,0,135,1,0.03,0.03,0.02,38,62,3,257,24,10,5,0.1,0.1,Sarapan
91,sirsak,293,0.7,0.3,17.8,2.5,0.2,0,5,2,0.02,0.03,0.07,3,38,2,183,15,8,16,0.4,0.1,Sarapan
92,srikaya,331,1.2,0.2,20.2,2.2,0.1,0,4,1,0.02,0.04,0.08,2,69,3,250,21,10,23,0.5,0.1,Sarapan
93,sukun,431,1.1,0.2,27.1,4.9,0.1,0,4,1,0.09,0.03,0.3,10,29,2,490,17,25,30,0.5,0.1,Sarapan
94,alpokat,674,2,15.3,7.4,5.9,2,0,6,1,0.11,0.12,0.28,62,8,10,599,11,39,41,1,0.4,Sarapan
95,tumis buah pepaya muda belu,188,0.4,2.1,7,1.3,0,0,96,1,0.02,0.02,0.01,27,44,2,182,17,7,4,0.1,0.1,Sarapan
96,tumis bayam and sawi and timun belu,259,1.3,6.1,1.7,1.1,0.1,0,168,1,0.03,0.04,0.07,40,12,10,140,41,13,25,0.7,0.2,Sarapan
97,tumis buah labu waluh belu,130,0.1,3.1,1.2,0.4,0.1,0,56,0,0.01,0,0.01,4,1,0,61,2,1,3,0,0,Sarapan
98,tumis bayam belu,276,0.7,7.1,0.9,0.6,0.2,0,197,0,0.02,0.06,0.06,35,2,17,112,33,21,13,0.9,0.2,Sarapan
99,tomat masak,88,0.9,0.3,4.6,1.1,0.1,0,87,0,0.06,0.05,0.08,15,19,9,222,5,11,24,0.5,0.1,Sarapan
100,tumis pucuk labu waluh belu,188,0.1,5,0.5,0.3,0.1,0,61,0,0.01,0.01,0.02,13,3,3,22,15,2,3,0.1,0,Sarapan
101,tumis daun singkong belu,197,3,2.2,5.8,0.5,0.1,0,415,0,0.07,0.15,0.43,83,26,9,440,169,50,58,2.5,0.3,Sarapan
102,tumis kangkung belu,385,2.2,9.2,2,1.9,0.2,0,288,2,0.04,0.06,0.1,69,24,15,192,70,14,39,1,0.2,Sarapan
103,tumis selada air belu,816,0.4,22.1,0.8,0.6,0.4,0,13,0,0.02,0.01,0.02,22,2,4,63,8,4,8,0.2,0.1,Sarapan
104,tumis kacang panjang belu,88,0.7,1.1,2.8,1.2,0.1,0,24,0,0.03,0.04,0.02,12,4,1,108,17,9,14,0.5,0.1,Sarapan
105,tumis selada air kangkung,222,0.9,5.1,1.5,1.1,0.1,0,56,0,0.03,0.02,0.04,42,5,7,117,20,7,17,0.4,0.1,Sarapan
106,tumis sawi,117,1.7,2.1,1.6,1.5,0,0,224,2,0.03,0.04,0.08,54,19,12,149,55,11,30,0.8,0.1,Sarapan
107,tumis terong belu,100,0.7,0.2,5.7,2.2,0.1,0,5,0,0.07,0.02,0.08,12,1,3,213,5,11,19,0.3,0.2,Sarapan
108,sayur bayam jagung,155,1.6,0.5,8.3,1.3,0.2,0,168,0,0.09,0.07,0.07,43,4,19,168,28,27,42,0.9,0.3,Sarapan
109,sayur bayam wortel,79,1,0.1,4.1,1.5,0.1,0,785,1,0.03,0.07,0.13,34,3,35,166,37,22,21,0.9,0.3,Sarapan
110,sayur bening campur,138,1.2,0.3,7.5,1.5,0.2,0,473,0,0.06,0.05,0.09,27,3,24,142,20,18,32,0.6,0.2,Sarapan
111,sayur buah kelor,105,0.3,0.2,6.3,1.3,0,0,32,1,0.01,0.01,0.03,9,5,2,66,10,4,7,0.2,0,Sarapan
112,sayur caisin,46,0.5,0.2,2.3,1.4,0.1,0,7,0,0.03,0.03,0.06,10,10,4,49,16,4,8,0.1,0.1,Sarapan
113,sayur cokka-cokka,46,0.5,0.2,2.3,1.4,0.1,0,7,0,0.03,0.03,0.06,10,10,4,49,16,4,8,0.1,0.1,Sarapan
114,sayur daun kelor,33,1.2,0.1,1.1,1,0,0,152,1,0.02,0.03,0.06,37,13,8,101,37,8,21,0.6,0.1,Sarapan
115,sayur daun singkong,259,1.9,5.1,3.7,0.3,0.1,0,260,0,0.05,0.1,0.27,52,17,6,275,106,31,36,1.6,0.2,Sarapan
116,sayur gambas,126,0.1,0.2,7.7,1.4,0.1,0,3,1,0.01,0.01,0.03,2,3,0,58,4,3,4,0.1,0,Sarapan
117,sayur gulai daging,1230,17.6,23.3,3.4,1.9,1.1,61,5,0,0.06,0.11,0.29,19,1,39,317,27,29,152,2.7,3,Sarapan
118,sayur jantung pisang belu,46,0.6,0.4,2.5,1.2,0.2,0,48,1,0.01,0.01,0.03,20,4,3,75,10,1,16,0.4,0.1,Sarapan
119,sayur kangkung,46,1.6,0.1,1.5,1.4,0,0,212,1,0.03,0.04,0.08,51,18,11,141,52,11,29,0.8,0.1,Sarapan
120,sayur katuk,50,1.7,0.2,1.7,1.5,0,0,231,1,0.03,0.04,0.09,52,23,12,147,52,11,29,0.8,0.1,Sarapan
121,sayur labu,59,0.5,0.5,2.3,0.8,0.1,0,15,0,0.02,0.02,0.04,10,3,1,100,14,12,21,0.2,0.2,Sarapan
122,sayur lodeh,234,1.9,3.4,6,1.7,0.6,0,80,2,0.04,0.07,0.05,26,13,5,171,38,25,48,0.6,0.3,Sarapan
123,sayur nangka belu,276,1.3,3.5,8.7,1.9,0.1,0,0,0,0.04,0.02,0.1,13,4,4,152,17,11,36,0.4,0.3,Sarapan
124,sayur sop,435,1.8,7,10.5,3.3,0.2,0,473,1,0.07,0.05,0.1,32,3,28,213,23,24,55,1.1,0.5,Sarapan
125,sayur sop daging cincang wortel,276,6.5,1.7,5.8,0.8,0.1,14,291,0,0.03,0.04,0.12,5,0,22,115,7,10,56,0.5,1,Sarapan
126,sayur sop macaroni,531,6.5,7,10.5,1.7,2.1,8,198,1,0.05,0.05,0.11,17,2,16,157,16,26,74,0.8,0.7,Sarapan
127,sayur soun,406,4,6.4,7.2,2.1,1.6,0,6,1,0.05,0.02,0.04,37,1,3,120,14,25,64,0.9,0.6,Sarapan
128,selada air mentah,155,3.7,0.2,7.3,0.6,0.1,0,519,0,0.09,0.19,0.54,104,33,11,550,211,62,72,3.1,0.4,Sarapan
129,selada mentah,54,1,0.2,2.1,1.4,0.1,0,33,0,0.05,0.03,0.04,56,4,9,158,19,9,20,0.5,0.2,Sarapan
130,seledri,54,1,0.2,2.1,1.4,0.1,0,33,0,0.05,0.03,0.04,56,4,9,158,19,9,20,0.5,0.2,Sarapan
131,semur kentang,494,8.9,2.3,15.4,0.6,0.1,21,194,0,0.05,0.06,0.2,5,3,26,216,6,14,79,0.7,1.5,Sarapan
132,telur ceplok,799,12,15.1,1,0,4.2,403,181,2,0.07,0.48,0.11,42,0,118,120,48,10,163,1.1,1,Cemilan
133,telur dadar,782,11.5,14.7,1.2,0,4.2,382,174,2,0.07,0.47,0.11,40,0,114,120,51,10,159,1.1,1,Cemilan
134,telur goreng,799,12,15.1,1,0,4.2,403,181,2,0.07,0.48,0.11,42,0,118,120,48,10,163,1.1,1,Cemilan
135,telur asin,649,12.6,10.6,1.1,0,1.4,424,190,2,0.07,0.51,0.12,44,0,124,126,50,10,172,1.2,1.1,Cemilan
136,telur ayam,649,12.6,10.6,1.1,0,1.4,424,190,2,0.07,0.51,0.12,44,0,124,126,50,10,172,1.2,1.1,Cemilan
137,telur ayam bagian kuning,1163,19.2,20.7,2.3,0,1.8,1326,810,2,0.24,0.6,0.38,120,0,219,333,96,26,330,5.9,2.1,Cemilan
138,telur burung sawah,774,12.8,13.8,1.5,0,1.2,884,540,1,0.16,0.4,0.25,80,0,146,222,64,17,220,3.9,1.4,Cemilan
139,telur ayam bagian putih,209,10.5,0,1,0,0,0,0,0,0.01,0.45,0,3,0,164,143,6,11,13,0,0,Cemilan
140,telur itik dadar,1134,12.8,23.8,1.5,0,1.4,884,540,1,0.16,0.4,0.25,80,0,146,222,64,17,220,3.9,1.4,Cemilan
141,telur itik bagian putih,209,10.5,0,1,0,0,0,0,0,0.01,0.45,0,3,0,164,143,6,11,13,0,0,Cemilan
142,telur ikan,682,19.8,8.4,0.8,0,1.1,463,297,2,0.12,0.25,0.33,47,0,108,399,62,63,253,2.6,1,Cemilan
143,telur itik / bebek mentah,774,12.8,13.8,1.5,0,1.2,884,540,1,0.16,0.4,0.25,80,0,146,222,64,17,220,3.9,1.4,Cemilan
144,telur itik bagian kuning,2356,25.7,49.5,3,0,3.2,1824,1284,3,0.32,0.8,0.5,160,0,352,446,130,34,442,7.8,2.8,Cemilan
145,telur puyuh,774,12.8,13.8,1.5,0,1.2,884,540,1,0.16,0.4,0.25,80,0,146,222,64,17,220,3.9,1.4,Cemilan
146,telur penyu,649,12.6,10.6,1.1,0,1.4,424,190,2,0.07,0.51,0.12,44,0,124,126,50,10,172,1.2,1.1,Cemilan
147,telur merpati,774,12.8,13.8,1.5,0,1.2,884,540,1,0.16,0.4,0.25,80,0,146,222,64,17,220,3.9,1.4,Cemilan
148,telur puyuh,774,12.8,13.8,1.5,0,1.2,884,540,1,0.16,0.4,0.25,80,0,146,222,64,17,220,3.9,1.4,Cemilan
149,telur menthok,774,12.8,13.8,1.5,0,1.2,884,540,1,0.16,0.4,0.25,80,0,146,222,64,17,220,3.9,1.4,Cemilan
150,telur orak arik,711,10.4,13.3,2.4,0.4,4.3,298,137,2,0.09,0.38,0.12,50,4,92,153,51,16,143,1.1,0.9,Cemilan
151,minuman susu ultra / ultra milk,276,3.2,3.9,4.8,0,0.1,14,55,0,0.04,0.17,0.06,6,1,55,140,115,11,92,0.1,0.4,Cemilan
152,sayur telur,632,11.1,10.5,2.7,0.8,2,360,296,2,0.07,0.46,0.16,40,5,107,170,47,13,155,1.3,1,Cemilan
153,susu kambing,289,3.6,4.1,4.5,0,0.1,11,56,0,0.05,0.14,0.05,1,1,50,204,134,14,111,0.1,0.3,Cemilan
154,susu kental manis,1339,7.8,8.7,54.5,0,0.2,33,62,0,0.06,0.38,0.06,9,2,122,349,300,28,234,0.2,0.9,Cemilan
155,susu sapi,276,3.2,3.9,4.8,0,0.1,14,55,0,0.04,0.17,0.06,6,1,55,140,115,11,92,0.1,0.4,Cemilan
156,susu segar,276,3.2,3.9,4.8,0,0.1,14,55,0,0.04,0.17,0.06,6,1,55,140,115,11,92,0.1,0.4,Cemilan
157,susu skim / tak berlemak cair,146,3.4,0.2,4.9,0,0,2,1,0,0.04,0.14,0.04,5,1,52,166,123,11,101,0,0.4,Cemilan
158,abon,1318,55.1,8.9,0,0,0.4,131,0,0,0.17,0.32,0.72,13,0,118,751,10,51,429,3.8,8.9,Makan Siang
159,ampal,1146,18.2,21.5,2,0,2.6,75,1,0,0.67,0.23,0.3,3,2,55,545,90,62,424,2.5,8.4,Makan Siang
160,ati ayam,657,24.4,5.5,0.9,0,0.9,631,11325,0,0.36,2.7,0.4,590,23,51,140,14,21,312,8.5,4.3,Makan Siang
161,ayam,1192,26.9,18.9,0,0,4.2,79,39,0,0.09,0.24,0.25,5,0,73,182,13,20,180,1.4,1.8,Makan Siang
162,babat,347,14.5,2.4,0,0,0.1,35,0,0,0.05,0.09,0.19,4,0,31,198,3,14,113,1,2.4,Makan Siang
163,bakso bihun,1548,23.5,29.9,0.1,0,1.2,104,10,0,0.07,0.16,0.31,8,0,55,318,6,21,187,1.6,3.8,Makan Siang
164,bakso pentol,1548,23.5,29.9,0.1,0,1.2,104,10,0,0.07,0.16,0.31,8,0,55,318,6,21,187,1.6,3.8,Makan Siang
165,usus menthok,393,14.1,3.8,0,0,0.2,35,0,0,0.05,0.08,0.19,4,0,30,192,3,13,110,1,2.3,Makan Siang
166,uthi-uthi mentah,1146,18.2,21.5,2,0,2.6,75,1,0,0.67,0.23,0.3,3,2,55,545,90,62,424,2.5,8.4,Makan Siang
167,usus ayam,393,14.1,3.8,0,0,0.2,35,0,0,0.05,0.08,0.19,4,0,30,192,3,13,110,1,2.3,Makan Siang
168,usus itik,393,14.1,3.8,0,0,0.2,35,0,0,0.05,0.08,0.19,4,0,30,192,3,13,110,1,2.3,Makan Siang
169,buras,1192,26.9,18.9,0,0,4.2,79,39,0,0.09,0.24,0.25,5,0,73,182,13,20,180,1.4,1.8,Makan Siang
170,buras daging kentang,2071,1,50,10.8,0.8,14.2,34,0,2,0.06,0.01,0.15,5,7,3,196,3,13,25,0.2,0.2,Makan Siang
171,corned beef,1125,24.9,18,0,0,0.7,75,0,0,0.08,0.15,0.33,6,0,1215,340,5,23,194,1.7,4.1,Makan Malam
172,daging ayam,1192,26.9,18.9,0,0,4.2,79,39,0,0.09,0.24,0.25,5,0,73,182,13,20,180,1.4,1.8,Makan Malam
173,daging ayam bagian kaki,845,11.4,17,0,0,2.2,50,38,1,0.1,0.16,0.11,4,0,35,122,7,10,94,1.6,1.1,Makan Malam
174,daging ayam bagian kepala,619,14,9.8,0,0,2.2,41,20,0,0.05,0.12,0.13,3,0,38,95,7,10,94,0.7,0.9,Makan Malam
175,daging ayam bagian paha,895,20.2,14.2,0,0,3.2,59,29,0,0.07,0.18,0.19,4,0,55,137,10,15,135,1.1,1.4,Makan Malam
176,daging ayam bagian sayap,619,14,9.8,0,0,2.2,41,20,0,0.05,0.12,0.13,3,0,38,95,7,10,94,0.7,0.9,Makan Malam
177,daging biawak mentah,548,26.8,1.8,0,0,0.4,61,0,0,0.03,0.25,0.46,9,0,56,313,15,33,220,2.1,2.5,Makan Malam
178,daging blekok / kuntul,1410,19,28.4,0,0,3.7,84,63,1,0.17,0.27,0.18,6,0,59,204,11,16,156,2.7,1.9,Makan Malam
179,daging burung bagian kepala,619,14,9.8,0,0,2.2,41,20,0,0.05,0.12,0.13,3,0,38,95,7,10,94,0.7,0.9,Makan Malam
180,daging burung mentah,1410,19,28.4,0,0,3.7,84,63,1,0.17,0.27,0.18,6,0,59,204,11,16,156,2.7,1.9,Makan Malam
181,daging domba,1125,24.9,18,0,0,0.7,75,0,0,0.08,0.15,0.33,6,0,53,340,4,23,194,1.7,4.1,Makan Malam
182,daging itik bagian kepala,732,9.9,14.8,0,0,1.9,44,33,1,0.09,0.14,0.09,3,0,31,106,6,8,81,1.4,1,Makan Malam
183,daging itik bagian paha,1059,14.3,21.3,0,0,2.8,63,47,1,0.13,0.2,0.14,5,0,44,153,8,12,117,2,1.4,Makan Malam
184,daging itik bagian sayap,732,9.9,14.8,0,0,1.9,44,33,1,0.09,0.14,0.09,3,0,31,106,6,8,81,1.4,1,Makan Malam
185,daging itik/bebek,1410,19,28.4,0,0,3.7,84,63,1,0.17,0.27,0.18,6,0,59,204,11,16,156,2.7,1.9,Makan Malam
186,daging kambing,1125,24.9,18,0,0,0.7,75,0,0,0.08,0.15,0.33,6,0,53,340,4,23,194,1.7,4.1,Makan Malam
187,daging kelelawar,1125,24.9,18,0,0,0.7,75,0,0,0.08,0.15,0.33,6,0,53,340,4,23,194,1.7,4.1,Makan Malam
188,daging kerbau,548,26.8,1.8,0,0,0.4,61,0,0,0.03,0.25,0.46,9,0,56,313,15,33,220,2.1,2.5,Makan Malam
189,daging menthok,1410,19,28.4,0,0,3.7,84,63,1,0.17,0.27,0.18,6,0,59,204,11,16,156,2.7,1.9,Makan Malam
190,daging menthok bagian kaki,1410,19,28.4,0,0,3.7,84,63,1,0.17,0.27,0.18,6,0,59,204,11,16,156,2.7,1.9,Makan Malam
191,daging menthok bagian kepala,732,9.9,14.8,0,0,1.9,44,33,1,0.09,0.14,0.09,3,0,31,106,6,8,81,1.4,1,Makan Malam
192,daging menthok bagian sayap,732,9.9,14.8,0,0,1.9,44,33,1,0.09,0.14,0.09,3,0,31,106,6,8,81,1.4,1,Makan Malam
193,daging merpati,870,28.1,9.7,0,0,2.5,82,0,0,0.06,0.18,0.41,7,0,68,280,26,25,203,1.8,3,Makan Malam
194,daging puyuh,870,28.1,9.7,0,0,2.5,82,0,0,0.06,0.18,0.41,7,0,68,280,26,25,203,1.8,3,Makan Malam
195,daging sapi,1125,24.9,18,0,0,0.7,75,0,0,0.08,0.15,0.33,6,0,53,340,4,23,194,1.7,4.1,Makan Malam
196,daging tupai,695,29,4.7,0,0,0.2,69,0,0,0.09,0.17,0.38,7,0,62,395,5,27,226,2,4.7,Makan Malam
197,dendeng sapi,4506,103.3,70.7,0,0,2.8,305,0,0,0.31,0.6,1.36,25,0,220,1407,18,95,805,7,16.7,Makan Malam
198,dideh ayam,607,25.1,4.2,0,0,0.3,347,0,0,0.05,0.3,0.04,4,50,57,284,12,19,305,39.4,2.8,Makan Malam
199,dideh itik,485,20.1,3.4,0,0,0.2,278,0,0,0.04,0.24,0.03,3,40,46,227,10,15,244,31.5,2.2,Makan Malam
200,dideh kambing,485,20.1,3.4,0,0,0.2,278,0,0,0.04,0.24,0.03,3,40,46,227,10,15,244,31.5,2.2,Makan Malam
201,dideh kerbau,485,20.1,3.4,0,0,0.2,278,0,0,0.04,0.24,0.03,3,40,46,227,10,15,244,31.5,2.2,Makan Malam
202,dideh sapi,607,25.1,4.2,0,0,0.3,347,0,0,0.05,0.3,0.04,4,50,57,284,12,19,305,39.4,2.8,Makan Malam
203,hati ayam,657,24.4,5.5,0.9,0,0.9,631,11325,0,0.36,2.7,0.4,590,23,51,140,14,21,312,8.5,4.3,Makan Malam
204,hati biawak,674,24.4,4.9,3.4,0,1.1,389,20357,0,0.18,3.6,0.52,290,15,70,235,7,20,404,6.8,6.1,Makan Malam
205,hati burung,657,24.4,5.5,0.9,0,0.9,631,11325,0,0.36,2.7,0.4,590,23,51,140,14,21,312,8.5,4.3,Makan Malam
206,hati itik,657,24.4,5.5,0.9,0,0.9,631,11325,0,0.36,2.7,0.4,590,23,51,140,14,21,312,8.5,4.3,Makan Malam
207,hati itik bacem,657,24.4,5.5,0.9,0,0.9,631,11325,0,0.36,2.7,0.4,590,23,51,140,14,21,312,8.5,4.3,Makan Malam
208,hati kerbau,674,24.4,4.9,3.4,0,1.1,389,20357,0,0.18,3.6,0.52,290,15,70,235,7,20,404,6.8,6.1,Makan Malam
209,hati menthok,657,24.4,5.5,0.9,0,0.9,631,11325,0,0.36,2.7,0.4,590,23,51,140,14,21,312,8.5,4.3,Makan Malam
210,hati merpati,657,24.4,5.5,0.9,0,0.9,631,11325,0,0.36,2.7,0.4,590,23,51,140,14,21,312,8.5,4.3,Makan Malam
211,hati sapi,674,24.4,4.9,3.4,0,1.1,389,20357,0,0.18,3.6,0.52,290,15,70,235,7,20,404,6.8,6.1,Makan Malam
212,iso sapi mentah usus,393,14.1,3.8,0,0,0.2,35,0,0,0.05,0.08,0.19,4,0,30,192,3,13,110,1,2.3,Makan Malam
213,jangkrik,1146,18.2,21.5,2,0,2.6,75,1,0,0.67,0.23,0.3,3,2,55,545,90,62,424,2.5,8.4,Makan Malam
214,jantung ayam mentah,695,29,4.7,0,0,0.2,69,0,0,0.09,0.17,0.38,7,0,62,395,5,27,226,2,4.7,Makan Malam
215,jantung itik,695,29,4.7,0,0,0.2,69,0,0,0.09,0.17,0.38,7,0,62,395,5,27,226,2,4.7,Makan Malam
216,jantung menthok,695,29,4.7,0,0,0.2,69,0,0,0.09,0.17,0.38,7,0,62,395,5,27,226,2,4.7,Makan Malam
217,jantung merpati,695,29,4.7,0,0,0.2,69,0,0,0.09,0.17,0.38,7,0,62,395,5,27,226,2,4.7,Makan Malam
218,jerohan ayam,393,14.1,3.8,0,0,0.2,35,0,0,0.05,0.08,0.19,4,0,30,192,3,13,110,1,2.3,Makan Malam
219,jerohan menthok,393,14.1,3.8,0,0,0.2,35,0,0,0.05,0.08,0.19,4,0,30,192,3,13,110,1,2.3,Makan Malam
220,kaldu ayam,33,0.5,0.3,0.8,0,0,0,0,0,0,0.01,0.01,1,0,560,15,2,2,11,0.1,0,Makan Malam
221,kikil kambing mentah,293,6.5,4.7,0,0,0.2,20,0,0,0.02,0.04,0.09,2,0,14,88,1,6,50,0.4,1.1,Makan Malam
222,kodok hijau,410,20.1,1.4,0,0,0.3,46,0,0,0.02,0.19,0.35,7,0,42,235,11,25,165,1.6,1.9,Makan Malam
223,kuah daging kambing belu,63,1,1.2,0,0,0,3,0,0,0,0.01,0.01,0,0,2,13,0,1,8,0.1,0.2,Makan Malam
224,kulit daging itik,1410,19,28.4,0,0,3.7,84,63,1,0.17,0.27,0.18,6,0,59,204,11,16,156,2.7,1.9,Makan Malam
225,laron,1146,18.2,21.5,2,0,2.6,75,1,0,0.67,0.23,0.3,3,2,55,545,90,62,424,2.5,8.4,Makan Malam
226,limfa ayam,607,25.1,4.2,0,0,0.3,347,0,0,0.05,0.3,0.04,4,50,57,284,12,19,305,39.4,2.8,Makan Malam
227,limfa sapi,607,25.1,4.2,0,0,0.3,347,0,0,0.05,0.3,0.04,4,50,57,284,12,19,305,39.4,2.8,Makan Malam
228,otak,669,11.1,12.5,0,0,1.4,2054,0,2,0.08,0.17,0.24,7,1,120,240,9,14,352,2.2,1.3,Makan Malam
229,otak ayam,669,11.1,12.5,0,0,1.4,2054,0,2,0.08,0.17,0.24,7,1,120,240,9,14,352,2.2,1.3,Makan Malam
230,rambak mentah,1594,24.1,30.9,0,0,1.2,87,0,0,0.07,0.14,0.32,6,0,51,328,4,22,188,1.6,3.9,Makan Malam
231,rempelo ayam,695,29,4.7,0,0,0.2,69,0,0,0.09,0.17,0.38,7,0,62,395,5,27,226,2,4.7,Makan Malam
232,rempelo burung,695,29,4.7,0,0,0.2,69,0,0,0.09,0.17,0.38,7,0,62,395,5,27,226,2,4.7,Makan Malam
233,rempelo itik,695,29,4.7,0,0,0.2,69,0,0,0.09,0.17,0.38,7,0,62,395,5,27,226,2,4.7,Makan Malam
234,rempelo menthok,695,29,4.7,0,0,0.2,69,0,0,0.09,0.17,0.38,7,0,62,395,5,27,226,2,4.7,Makan Malam
235,rempelo merpati,695,29,4.7,0,0,0.2,69,0,0,0.09,0.17,0.38,7,0,62,395,5,27,226,2,4.7,Makan Malam
236,sate ayam,1314,25.6,23,0,0,4.1,75,37,0,0.09,0.23,0.24,5,0,69,173,12,19,171,1.3,1.7,Makan Malam
237,sate cekek,1695,22.9,34.4,0,0,1.2,83,0,0,0.07,0.13,0.3,6,0,48,312,4,21,179,1.5,3.7,Makan Malam
238,sayur sop ayam,301,5.9,3.8,3.4,0.7,0.9,16,232,0,0.04,0.06,0.12,11,4,23,118,14,9,48,0.5,0.4,Makan Malam
239,semur daging,925,11.1,16.2,15.5,1.9,9.3,0,209,1,0.29,0.14,0.24,142,16,13,488,61,65,146,2.1,1.1,Makan Malam
240,semur daging ayam belu,1920,10.8,47.6,0,0,2.4,32,16,0,0.04,0.1,0.1,2,0,29,73,5,8,72,0.6,0.7,Makan Malam
241,tepung ikan teri,1569,65.6,10.5,0,0,2.2,64,0,0,0.11,0.3,0.46,31,0,349,1067,1904,157,1456,2.8,5.8,Makan Malam
242,terasi merah,439,18.5,2.9,0,0,0.6,72,15,2,0.23,0.07,0.11,10,1,824,419,12,28,304,0.4,0.6,Makan Malam
243,tumis ikan teri,423,14.8,4.3,0,0,0.5,58,12,2,0.18,0.06,0.09,8,1,40,335,9,22,243,0.3,0.5,Makan Malam
244,undur-undur,222,11.4,0.5,0,0,0.2,28,7,1,0.05,0.04,0.14,6,1,39,122,7,21,69,0.3,0.3,Makan Malam
245,udang segar,331,16.7,0.9,0,0,0.3,156,51,3,0.02,0.02,0.1,3,2,179,146,31,27,110,2.5,1.3,Makan Malam
246,udang kering,1280,66.4,2.5,0,0,0.8,160,0,0,0.1,0.11,0.82,35,0,227,710,41,122,402,1.4,1.7,Makan Malam
247,cakalang,439,18.5,2.9,0,0,0.6,72,15,2,0.23,0.07,0.11,10,1,50,419,11,28,304,0.4,0.6,Makan Malam
248,cumi-cumi segar,615,25,2.2,5,0,0.8,373,8,1,0.03,0.66,0.09,3,7,70,394,51,53,354,1.1,2.5,Makan Malam
249,hati ikan bojor,657,24.4,5.5,0.9,0,0.9,631,11325,0,0.36,2.7,0.4,590,23,51,140,14,21,312,8.5,4.3,Makan Siang
250,ikan asin belanak,1025,53.1,2,0,0,0.6,128,0,0,0.08,0.09,0.66,28,0,2893,569,36,98,322,1.1,1.4,Makan Siang
251,ikan asin bilis,1025,53.1,2,0,0,0.6,128,0,0,0.08,0.09,0.66,28,0,2893,569,36,98,322,1.1,1.4,Makan Siang
252,ikan asin gabus,1025,53.1,2,0,0,0.6,128,0,0,0.08,0.09,0.66,28,0,2893,569,36,98,322,1.1,1.4,Makan Siang
253,ikan asin goreng,678,13,12,0,0,6.2,50,11,2,0.16,0.05,0.08,7,1,35,293,8,20,213,0.3,0.4,Makan Siang
254,ikan asin japuh,665,16.3,10.4,0,0,1.7,40,27,0,0,0.14,0.46,8,0,2072,296,28,26,192,0.8,0.4,Makan Siang
255,ikan asin juwi,1025,53.1,2,0,0,0.6,128,0,0,0.08,0.09,0.66,28,0,2893,569,36,98,322,1.1,1.4,Makan Siang
256,ikan asin kacangan,351,18.2,0.7,0,0,0.2,44,11,1,0.07,0.06,0.22,10,1,1998,195,13,34,110,0.4,0.5,Makan Siang
257,ikan asin kembung,469,21.4,2.3,0,0,0.7,33,43,1,0.06,0.07,0.32,11,0,1991,461,50,86,228,0.9,0.4,Makan Siang
258,ikan asin kering,1280,66.4,2.5,0,0,0.8,160,0,0,0.1,0.11,0.82,35,0,2938,711,44,122,402,1.4,1.7,Makan Siang
259,ikan asin layur,351,18.2,0.7,0,0,0.2,44,11,1,0.07,0.06,0.22,10,1,1998,195,13,34,110,0.4,0.5,Makan Siang
260,ikan asin pari,351,18.2,0.7,0,0,0.2,44,11,1,0.07,0.06,0.22,10,1,62,195,11,34,110,0.4,0.5,Makan Siang
261,ikan asin pepetek,351,14.8,2.3,0,0,0.5,58,12,2,0.18,0.06,0.09,8,1,1976,335,11,22,243,0.3,0.5,Makan Siang
262,ikan asin selar,678,22.9,7.2,0,0,1.8,84,9,2,0.42,0.07,0.22,7,2,2774,428,55,38,531,1.6,1.9,Makan Siang
263,ikan asin serinding,351,18.2,0.7,0,0,0.2,44,11,1,0.07,0.06,0.22,10,1,1998,195,13,34,110,0.4,0.5,Makan Siang
264,ikan asin terbang,351,18.2,0.7,0,0,0.2,44,11,1,0.07,0.06,0.22,10,1,1998,195,13,34,110,0.4,0.5,Makan Siang
265,ikan asin teri,1402,58.6,9.4,0,0,2,57,0,0,0.1,0.27,0.41,28,0,1861,953,1702,140,1300,2.5,5.2,Makan Siang
266,ikan asin terongan,1025,53.1,2,0,0,0.6,128,0,0,0.08,0.09,0.66,28,0,2893,569,36,98,322,1.1,1.4,Makan Siang
267,ikan asin wader / memreng,1025,53.1,2,0,0,0.6,128,0,0,0.08,0.09,0.66,28,0,2893,569,36,98,322,1.1,1.4,Makan Siang
268,ikan awu-awu bakar,310,13,2,0,0,0.4,50,11,1,0.16,0.05,0.08,7,1,35,293,8,20,213,0.3,0.4,Makan Siang
269,ikan baleng segar,469,21.4,2.3,0,0,0.7,33,43,1,0.06,0.07,0.32,11,0,55,461,48,86,228,0.9,0.4,Makan Siang
270,ikan bambangan,439,22.8,0.9,0,0,0.3,55,14,1,0.09,0.08,0.28,12,1,78,244,14,42,138,0.5,0.6,Makan Siang
271,ikan bandeng,351,14.8,2.3,0,0,0.5,58,12,2,0.18,0.06,0.09,8,1,40,335,9,22,243,0.3,0.5,Makan Siang
272,ikan banyara goreng,678,13,12,0,0,6.2,50,11,2,0.16,0.05,0.08,7,1,35,293,8,20,213,0.3,0.4,Makan Siang
273,ikan banyara sedang mentah,222,9.3,1.5,0,0,0.3,36,8,1,0.12,0.04,0.06,5,1,25,210,6,14,152,0.2,0.3,Makan Siang
274,ikan bawal,351,18.2,0.7,0,0,0.2,44,11,1,0.07,0.06,0.22,10,1,62,195,11,34,110,0.4,0.5,Makan Siang
275,ikan belanak,351,14.8,2.3,0,0,0.5,58,12,2,0.18,0.06,0.09,8,1,40,335,9,22,243,0.3,0.5,Makan Siang
276,ikan bethik,351,18.2,0.7,0,0,0.2,44,11,1,0.07,0.06,0.22,10,1,62,195,11,34,110,0.4,0.5,Makan Siang
277,ikan bojor segar,351,18.2,0.7,0,0,0.2,44,11,1,0.07,0.06,0.22,10,1,62,195,11,34,110,0.4,0.5,Makan Siang
278,ikan boso mentah,469,21.4,2.3,0,0,0.7,33,43,1,0.06,0.07,0.32,11,0,55,461,48,86,228,0.9,0.4,Makan Siang
279,ikan cepa-cepa goreng,678,13,12,0,0,6.2,50,11,2,0.16,0.05,0.08,7,1,35,293,8,20,213,0.3,0.4,Makan Siang
280,ikan cue,310,13,2,0,0,0.4,50,11,1,0.16,0.05,0.08,7,1,35,293,8,20,213,0.3,0.4,Makan Siang
281,ikan cumi basah goreng,1138,26,12.3,12.6,0.3,6.6,373,8,1,0.04,0.66,0.09,5,7,71,404,53,55,364,1.2,2.6,Makan Siang
282,ikan dares mentah,469,21.4,2.3,0,0,0.7,33,43,1,0.06,0.07,0.32,11,0,55,461,48,86,228,0.9,0.4,Makan Siang
283,ikan gabus kering,1025,53.1,2,0,0,0.6,128,0,0,0.08,0.09,0.66,28,0,182,568,33,98,322,1.1,1.4,Makan Siang
284,ikan gabus segar,351,18.2,0.7,0,0,0.2,44,11,1,0.07,0.06,0.22,10,1,62,195,11,34,110,0.4,0.5,Makan Siang
285,ikan goreng,669,13,12,0,0,0.6,50,11,2,0.16,0.05,0.08,7,1,35,293,8,20,213,0.3,0.4,Makan Siang
286,ikan hiu,586,26.7,2.9,0,0,0.9,41,54,1,0.07,0.09,0.4,14,0,69,576,60,107,285,1.1,0.5,Makan Siang
287,ikan jempol,586,26.7,2.9,0,0,0.9,41,54,1,0.07,0.09,0.4,14,0,69,576,60,107,285,1.1,0.5,Makan Siang
288,ikan juwi,222,11.4,0.5,0,0,0.2,28,7,1,0.05,0.04,0.14,6,1,39,122,7,21,69,0.3,0.3,Makan Siang
289,ikan kacangan,351,18.2,0.7,0,0,0.2,44,11,1,0.07,0.06,0.22,10,1,62,195,11,34,110,0.4,0.5,Makan Siang
290,ikan kacap,1059,13.5,22,0.3,0,12,50,11,3,0.16,0.06,0.09,8,1,314,304,9,22,219,0.4,0.4,Makan Siang
291,ikan kakap,351,18.2,0.7,0,0,0.2,44,11,1,0.07,0.06,0.22,10,1,62,195,11,34,110,0.4,0.5,Makan Siang
292,ikan kating,665,16.3,10.4,0,0,1.7,40,27,0,0,0.14,0.46,8,0,136,296,26,26,192,0.8,0.4,Makan Siang
293,ikan kembung,469,21.4,2.3,0,0,0.7,33,43,1,0.06,0.07,0.32,11,0,55,461,48,86,228,0.9,0.4,Makan Siang
294,ikan kembung goreng,845,16,15,0,0,7.1,59,6,2,0.29,0.05,0.15,5,1,44,299,36,27,372,1.1,1.3,Makan Siang
295,ikan kiper mentah,351,14.8,2.3,0,0,0.5,58,12,2,0.18,0.06,0.09,8,1,40,335,9,22,243,0.3,0.5,Makan Siang
296,ikan kuah rebus belu,222,9.3,1.5,0,0,0.3,36,8,1,0.12,0.04,0.06,5,1,25,210,6,14,152,0.2,0.3,Makan Siang
297,ikan lawes,351,14.8,2.3,0,0,0.5,58,12,2,0.18,0.06,0.09,8,1,40,335,9,22,243,0.3,0.5,Makan Siang
298,ikan layang,343,17.8,0.7,0,0,0.2,43,11,1,0.07,0.06,0.22,9,1,61,190,11,33,108,0.4,0.5,Makan Siang
299,ikan lele,351,14.8,2.3,0,0,0.5,58,12,2,0.18,0.06,0.09,8,1,40,335,9,22,243,0.3,0.5,Makan Siang
300,ikan lele dumbo,665,16.3,10.4,0,0,1.7,40,27,0,0,0.14,0.46,8,0,136,296,26,26,192,0.8,0.4,Makan Siang
301,ikan lemuru,469,21.4,2.3,0,0,0.7,33,43,1,0.06,0.07,0.32,11,0,55,461,48,86,228,0.9,0.4,Makan Siang
302,ikan lukas mentah,586,26.7,2.9,0,0,0.9,41,54,1,0.07,0.09,0.4,14,0,69,576,60,107,285,1.1,0.5,Makan Siang
303,ikan luthok,665,16.3,10.4,0,0,1.7,40,27,0,0,0.14,0.46,8,0,136,296,26,26,192,0.8,0.4,Makan Siang
304,ikan mas bumbu kuning,912,16.7,15.7,2.9,1.7,7.3,59,11,2,0.31,0.06,0.21,19,2,47,376,60,39,389,2.6,1.5,Makan Siang
305,ikan mas goreng,845,16,15,0,0,7.1,59,6,2,0.29,0.05,0.15,5,1,44,299,36,27,372,1.1,1.3,Makan Siang
306,ikan mas pepes,339,11.5,3.6,0,0,0.9,42,5,1,0.21,0.04,0.11,4,1,32,214,26,19,266,0.8,1,Makan Siang
307,ikan mas segar,544,18.3,5.8,0,0,1.4,67,7,2,0.34,0.06,0.18,6,2,50,342,42,30,425,1.3,1.5,Makan Siang
308,ikan merah kecil,1770,58.6,19.4,0,0,7.8,57,0,1,0.1,0.27,0.41,28,0,312,953,1700,140,1300,2.5,5.2,Makan Siang
309,ikan moto botor,469,21.4,2.3,0,0,0.7,33,43,1,0.06,0.07,0.32,11,0,55,461,48,86,228,0.9,0.4,Makan Siang
310,ikan mujair dendeng mentah,1402,58.6,9.4,0,0,2,57,0,0,0.1,0.27,0.41,28,0,312,953,1700,140,1300,2.5,5.2,Makan Siang
311,ikan mujair segar,351,18.2,0.7,0,0,0.2,44,11,1,0.07,0.06,0.22,10,1,62,195,11,34,110,0.4,0.5,Makan Siang
312,ikan muntreng segar,469,21.4,2.3,0,0,0.7,33,43,1,0.06,0.07,0.32,11,0,55,461,48,86,228,0.9,0.4,Makan Siang
313,ikan pe,222,9.3,1.5,0,0,0.3,36,8,1,0.12,0.04,0.06,5,1,25,210,6,14,152,0.2,0.3,Makan Siang
314,ikan peda asin banjar,469,21.4,2.3,0,0,0.7,33,43,1,0.06,0.07,0.32,11,0,1991,461,50,86,228,0.9,0.4,Makan Siang
315,ikan peda banjar,469,21.4,2.3,0,0,0.7,33,43,1,0.06,0.07,0.32,11,0,1991,461,50,86,228,0.9,0.4,Makan Siang
316,ikan pepetek,351,14.8,2.3,0,0,0.5,58,12,2,0.18,0.06,0.09,8,1,40,335,9,22,243,0.3,0.5,Makan Siang
317,ikan pindang banjar,469,21.4,2.3,0,0,0.7,33,43,1,0.06,0.07,0.32,11,0,1991,461,50,86,228,0.9,0.4,Makan Siang
318,ikan pindang benggol,439,22.8,0.9,0,0,0.3,55,14,1,0.09,0.08,0.28,12,1,2789,245,17,42,138,0.5,0.6,Makan Siang
319,ikan pindang juwi,469,21.4,2.3,0,0,0.7,33,43,1,0.06,0.07,0.32,11,0,1991,461,50,86,228,0.9,0.4,Makan Siang
320,ikan pindang kembung,586,26.7,2.9,0,0,0.9,41,54,1,0.07,0.09,0.4,14,0,1618,576,62,107,285,1.1,0.5,Makan Siang
321,ikan pindang layang,439,22.8,0.9,0,0,0.3,55,14,1,0.09,0.08,0.28,12,1,2789,245,17,42,138,0.5,0.6,Makan Siang
322,ikan pindang layang goreng,1159,22.8,20.9,0,0,0.7,55,14,1,0.09,0.08,0.28,12,1,2789,245,17,42,138,0.5,0.6,Makan Siang
323,ikan pindang selar kecil,586,26.7,2.9,0,0,0.9,41,54,1,0.07,0.09,0.4,14,0,69,576,60,107,285,1.1,0.5,Makan Siang
324,ikan rebon kering,1280,66.4,2.5,0,0,0.8,160,0,0,0.1,0.11,0.82,35,0,227,710,41,122,402,1.4,1.7,Makan Siang
325,ikan rebon segar,331,16.7,0.9,0,0,0.3,156,51,3,0.02,0.02,0.1,3,2,179,146,31,27,110,2.5,1.3,Makan Siang
326,ikan salem segar,351,18.2,0.7,0,0,0.2,44,11,1,0.07,0.06,0.22,10,1,62,195,11,34,110,0.4,0.5,Makan Siang
327,ikan sasi segar,293,13.4,1.5,0,0,0.5,21,27,1,0.04,0.05,0.2,7,0,35,288,30,54,143,0.6,0.3,Makan Siang
328,ikan segar,410,18.1,2.4,0,0,0.6,45,28,1,0.12,0.07,0.2,10,0,48,398,28,54,236,0.6,0.4,Makan Siang
329,ikan selar kering,678,22.9,7.2,0,0,1.8,84,9,2,0.42,0.07,0.22,7,2,63,427,52,38,531,1.6,1.9,Makan Siang
330,ikan selar segar,469,21.4,2.3,0,0,0.7,33,43,1,0.06,0.07,0.32,11,0,55,461,48,86,228,0.9,0.4,Makan Siang
331,ikan sepat kering,1046,29.5,13.8,0,0,6.1,170,80,0,0.05,0.43,0.58,10,0,780,516,660,62,624,3.5,3.6,Makan Siang
332,ikan sepat segar,544,18.3,5.8,0,0,1.4,67,7,2,0.34,0.06,0.18,6,2,50,342,42,30,425,1.3,1.5,Makan Siang
333,ikan sidat,791,19,12,0,0,1,129,909,4,0.14,0.04,0.06,8,0,52,279,21,21,222,0.5,1.7,Makan Siang
334,ikan surung,351,18.2,0.7,0,0,0.2,44,11,1,0.07,0.06,0.22,10,1,62,195,11,34,110,0.4,0.5,Makan Siang
335,ikan tawes/ bader,665,16.3,10.4,0,0,1.7,40,27,0,0,0.14,0.46,8,0,136,296,26,26,192,0.8,0.4,Makan Siang
336,ikan tempel mentah,351,14.8,2.3,0,0,0.5,58,12,2,0.18,0.06,0.09,8,1,40,335,9,22,243,0.3,0.5,Makan Siang
337,ikan tengiri,469,21.4,2.3,0,0,0.7,33,43,1,0.06,0.07,0.32,11,0,55,461,48,86,228,0.9,0.4,Makan Siang
338,ikan teri asin kering,1402,58.6,9.4,0,0,2,57,0,0,0.1,0.27,0.41,28,0,3023,954,1703,140,1300,2.5,5.2,Makan Siang
339,ikan teri bubuk,1569,65.6,10.5,0,0,2.2,64,0,0,0.11,0.3,0.46,31,0,349,1067,1904,157,1456,2.8,5.8,Makan Siang
340,ikan teri goreng belu,1761,58.6,19.4,0,0,2.2,57,0,0,0.1,0.27,0.41,28,0,312,953,1700,140,1300,2.5,5.2,Makan Siang
341,ikan teri nasi kering,1402,58.6,9.4,0,0,2,57,0,0,0.1,0.27,0.41,28,0,312,953,1700,140,1300,2.5,5.2,Makan Siang
342,ikan teri segar,469,21.4,2.3,0,0,0.7,33,43,1,0.06,0.07,0.32,11,0,55,461,48,86,228,0.9,0.4,Makan Siang
343,ikan teri tawar kering,1402,58.6,9.4,0,0,2,57,0,0,0.1,0.27,0.41,28,0,312,953,1700,140,1300,2.5,5.2,Makan Siang
344,ikan terongan,469,21.4,2.3,0,0,0.7,33,43,1,0.06,0.07,0.32,11,0,55,461,48,86,228,0.9,0.4,Makan Siang
345,ikan tongkol,464,24,1,0,0,0.3,46,16,1,0.4,0.05,0.28,3,0,38,190,17,22,196,0.7,0.6,Makan Siang
346,ikan tongkol pindang,464,24,1,0,0,0.3,46,16,1,0.4,0.05,0.28,3,0,1974,190,19,22,196,0.7,0.6,Makan Siang
347,ikan wader,351,14.8,2.3,0,0,0.5,58,12,2,0.18,0.06,0.09,8,1,40,335,9,22,243,0.3,0.5,Makan Siang
348,ikan wedok,665,16.3,10.4,0,0,1.7,40,27,0,0,0.14,0.46,8,0,136,296,26,26,192,0.8,0.4,Makan Siang
349,ikan wedok kering,1121,46.9,7.5,0,0,1.6,46,0,0,0.08,0.22,0.33,22,0,250,762,1360,112,1040,2,4.2,Makan Siang
350,kepiting air tawar / yuyu,377,16.9,2,0,0,0.4,153,137,3,0.03,0.02,0.1,4,1,166,159,30,26,121,2.2,1.4,Makan Siang
351,kepiting laut,364,16.5,1.3,1.2,0,0.5,145,46,3,0.04,0.07,0.1,6,2,177,160,29,28,122,3.2,5.1,Makan Siang
352,kerang,431,14.3,2.7,4.4,0,0.7,34,32,1,0.01,0.23,0.04,8,0,221,161,20,22,171,4,1.6,Makan Siang
353,samba goreng sarden belu,205,2.8,3.7,1.7,0.4,0.3,6,35,0,0.02,0.04,0.1,7,7,24,124,6,8,37,0.3,0.1,Makan Siang
354,setrup / sirup,895,0,0,55.5,0,0,0,0,0,0.01,0.01,0.02,1,0,22,197,48,17,13,1.1,0.1,Cemilan
355,tebu,109,0,0,6.8,0,0,0,0,0,0,0,0,0,0,3,24,6,2,2,0.1,0,Cemilan
356,adonan kopi + gula pasir,1494,1.6,0,90.3,0,0,0,0,0,0,0.02,0,0,0,49,578,49,64,50,1.7,0,Cemilan
357,air gula - belu,33,0,0,2,0,0,0,0,0,0,0,0,0,0,0,0,0,0,0,0,0,Cemilan
358,teh manis belu,54,0,0,3.4,0,0,0,0,0,0,0,0,0,0,3,20,2,2,1,0,0,Cemilan
359,daun cincau,138,2.5,0.5,5.3,3.5,0.3,0,83,0,0.13,0.08,0.1,140,10,23,395,48,23,50,1.3,0.5,Cemilan
360,gula kopi,1494,1.6,0,90.3,0,0,0,0,0,0,0.02,0,0,0,49,578,49,64,50,1.7,0,Cemilan
361,jamu,4,0.1,0,0.1,0.1,0,0,2,0,0,0,0,3,0,0,8,1,0,1,0,0,Cemilan
362,jus alpukat susu,397,1.3,4.8,13,1.5,0.5,4,15,0,0.04,0.07,0.09,17,2,16,185,32,13,33,0.3,0.2,Sarapan
363,jus anggur,222,0.1,0.1,13.8,0.7,0,0,1,0,0.01,0,0.01,1,2,0,29,2,1,2,0.1,0,Sarapan
364,jus jeruk pepaya,213,0.2,0,13,0.6,0,0,34,0,0.01,0.01,0.01,11,18,1,74,8,3,2,0,0,Sarapan
365,jus jeruk peras,347,0.2,0.1,21.8,0.6,0,0,1,0,0.01,0.01,0.02,2,11,1,28,5,2,4,0.1,0,Sarapan
366,jus mannga,230,0.1,0.1,14.2,0.5,0,0,100,0,0.02,0.02,0.03,4,9,1,39,3,2,3,0,0,Sarapan
367,jus melon,197,0.2,0.1,12.1,0.2,0,0,81,0,0.01,0.01,0.03,4,11,2,77,3,3,4,0.1,0.1,Sarapan
368,jus papaya,201,0.2,0,12.4,0.5,0,0,34,0,0.01,0.01,0.01,10,16,1,64,6,3,1,0,0,Sarapan
369,minuman anggur,293,0.2,0,1.4,0,0,0,0,0,0,0.02,0.02,1,0,8,89,8,10,14,0.4,0.1,Cemilan
370,minuman buah vita,243,0,0,15,0,0,0,0,0,0,0,0,0,0,0,0,0,0,0,0,0,Cemilan
371,minuman go go strawbery,243,0,0,15,0,0,0,0,0,0,0,0,0,0,0,0,0,0,0,0,0,Cemilan
372,sprite fanta coca cola dll,172,0,0,10.4,0,0,0,0,0,0,0,0,0,0,4,1,3,1,12,0,0,Cemilan
373,susu milo/ milo choklat,1619,10.8,9.5,65.8,0,0.2,13,610,2,0.15,0.31,0.15,21,99,160,486,385,35,301,4,1.8,Cemilan
374,susu sgm (belu),79,0.9,0.8,2.1,0,0,1,17,0,0.01,0.02,0.01,2,1,13,39,31,3,24,0.3,0.1,Cemilan
375,teh,209,0,0,10,0,0,0,0,0,0,0,0,0,0,150,1000,100,100,50,0,0,Cemilan
376,teh cap bunga mawar,209,0,0,10,0,0,0,0,0,0,0,0,0,0,150,1000,100,100,50,0,0,Cemilan
377,teh kotak,209,0,0,10,0,0,0,0,0,0,0,0,0,0,150,1000,100,100,50,0,0,Cemilan
378,teh kotak,209,0,0,10,0,0,0,0,0,0,0,0,0,0,150,1000,100,100,50,0,0,Cemilan
379,teh manis,54,0,0,3.2,0,0,0,0,0,0,0,0,0,0,3,20,2,2,1,0,0,Cemilan
380,aci tusuk,1519,5.3,20.5,39.2,1.5,11.8,0,0,1,0.05,0.02,0.03,11,1,1,70,10,12,58,0.6,0.4,Cemilan
381,agar-agar,0,0,0,0,0,0,0,0,0,0,0,0,0,0,0,0,0,0,0,0,0,Cemilan
382,arafik,2205,3,30.3,59.7,1.1,17.5,0,0,2,0.03,0.01,0.01,5,0,4,31,5,7,36,0.5,0.2,Cemilan
383,bakpau daging,1042,9.8,6.7,36.3,2,0.7,13,0,0,0.09,0.08,0.08,23,0,434,128,8,22,102,0.6,1.2,Makan Siang
384,bakso daging sapi,1548,23.5,29.9,0.1,0,1.2,104,10,0,0.07,0.16,0.31,8,0,55,318,6,21,187,1.6,3.8,Makan Siang
385,baso goreng,1720,22.2,35.2,0,0,5.2,95,8,1,0.07,0.15,0.29,7,0,51,300,6,20,176,1.5,3.6,Cemilan
386,baso kojak,812,5.9,1.4,38.4,1.4,0.2,3,4,0,0.06,0.03,0.03,10,1,3,74,8,12,61,0.7,0.5,Cemilan
387,batagor,636,12.1,11.3,1.4,0.9,2.3,22,0,0,0.08,0.07,0.12,13,0,18,173,80,83,120,4.5,1.6,Cemilan
388,bawang goreng,1519,5.3,20.5,39.2,1.5,11.8,0,0,1,0.05,0.02,0.03,11,1,1,70,10,12,58,0.6,0.4,Cemilan
389,bika ambon,1071,7.8,8,38.9,3.8,0.6,398,1901,6,0.15,0.33,0.39,63,28,78,511,61,32,167,2.5,1,Cemilan
390,biscuit,2121,10.4,17.5,78,1.2,6.2,25,99,1,0.12,0.33,0.13,19,2,101,302,215,30,216,0.8,1,Cemilan
391,biscuit astor,1870,7.5,14,73.7,1.2,6.1,13,50,1,0.08,0.18,0.07,14,1,51,175,111,20,132,0.7,0.7,Cemilan
392,biscuit barry sandwich,1870,7.5,14,73.6,1.2,6.1,13,50,1,0.08,0.18,0.07,14,1,51,175,111,20,132,0.7,0.7,Cemilan
393,biscuit big royal,1803,7.5,10,78.6,1.2,3.7,13,50,0,0.08,0.18,0.07,14,1,51,175,111,20,132,0.7,0.7,Cemilan
394,biscuit big royal,1803,7.5,10,78.6,1.2,3.7,13,50,0,0.08,0.18,0.07,14,1,51,175,111,20,132,0.7,0.7,Cemilan
395,biscuit bola bola,1870,7.5,14,73.6,1.2,6.1,13,50,1,0.08,0.18,0.07,14,1,51,175,111,20,132,0.7,0.7,Cemilan
396,biscuit coklat burbon,1870,7.5,14,73.6,1.2,6.1,13,50,1,0.08,0.18,0.07,14,1,51,175,111,20,132,0.7,0.7,Cemilan
397,biscuit coklat togo,1280,6.2,2.6,63.8,1.6,1.4,0,0,0,0.06,0.03,0.02,11,0,1,65,9,13,65,0.7,0.4,Cemilan
398,biscuit crackers konghuan,1870,7.5,14,73.6,1.2,6.1,13,50,1,0.08,0.18,0.07,14,1,51,175,111,20,132,0.7,0.7,Cemilan
399,biscuit cripsy crackers,1870,7.5,14,73.6,1.2,6.1,13,50,1,0.08,0.18,0.07,14,1,51,175,111,20,132,0.7,0.7,Cemilan
400,biscuit famela,1870,7.5,14,73.6,1.2,6.1,13,50,1,0.08,0.18,0.07,14,1,51,175,111,20,132,0.7,0.7,Cemilan
401,biscuit farley,1803,7.5,10,78.6,1.2,3.7,13,50,0,0.08,0.18,0.07,14,1,51,175,111,20,132,0.7,0.7,Cemilan
402,biscuit gabin special selecta (mentega.,1870,7.5,14,73.6,1.2,6.1,13,50,1,0.08,0.18,0.07,14,1,51,175,111,20,132,0.7,0.7,Cemilan
403,biscuit gem bunga (terigu. gula. tapiok,1870,7.5,14,73.6,1.2,6.1,13,50,1,0.08,0.18,0.07,14,1,51,175,111,20,132,0.7,0.7,Cemilan
404,biscuit gloria,1870,7.5,14,73.6,1.2,6.1,13,50,1,0.08,0.18,0.07,14,1,51,175,111,20,132,0.7,0.7,Cemilan
405,biscuit helti,1870,7.5,14,73.6,1.2,6.1,13,50,1,0.08,0.18,0.07,14,1,51,175,111,20,132,0.7,0.7,Cemilan
406,biscuit interbis,1870,7.5,14,73.6,1.2,6.1,13,50,1,0.08,0.18,0.07,14,1,51,175,111,20,132,0.7,0.7,Cemilan
407,biscuit isi kagang,2067,14,24.3,57.7,3.3,8.8,13,50,3,0.14,0.2,0.14,45,1,55,351,133,62,226,1.8,1.5,Cemilan
408,biscuit kacang,2067,14,24.3,57.7,3.3,8.8,13,50,3,0.14,0.2,0.14,45,1,55,351,133,62,226,1.8,1.5,Cemilan
409,biscuit kering/ bolu kering,866,4.4,2,42.9,0.6,0.3,72,32,0,0.03,0.1,0.03,11,0,22,45,12,7,54,0.5,0.3,Cemilan
410,biscuit london,1870,7.5,14,73.6,1.2,6.1,13,50,1,0.08,0.18,0.07,14,1,51,175,111,20,132,0.7,0.7,Cemilan
411,tempe goreng,1481,17.1,26.9,15.3,1.3,9.8,0,1,2,0.12,0.1,0.27,47,0,5,330,84,63,185,2.1,1.6,Cemilan
412,tempe bacem,992,10.8,15,17.6,1,8.6,0,0,1,0.08,0.07,0.14,27,0,5,195,79,69,121,3.1,1,Cemilan
413,tempe oreg/sayur tempe/sambal tempe,418,9.6,3.9,8.6,0.8,2.2,0,16,1,0.07,0.06,0.16,30,1,4,194,50,36,105,1.2,0.9,Cemilan
414,biscuit sun,1870,7.5,14,73.6,1.2,6.1,13,50,1,0.08,0.18,0.07,14,1,51,175,111,20,132,0.7,0.7,Cemilan
415,biscuit susana,1870,7.5,14,73.6,1.2,6.1,13,50,1,0.08,0.18,0.07,14,1,51,175,111,20,132,0.7,0.7,Cemilan
416,biscuit tini wini biti,2335,5.9,38.4,51,3.6,20,0,0,5,0.21,0.12,0.66,45,8,656,1008,24,58,157,1.5,0.6,Cemilan
417,ubi goreng,774,1.2,2.6,40.8,1.9,0.1,0,5,0,0.11,0.02,0.25,14,25,3,229,17,11,67,0.9,0.3,Cemilan
418,brondong,2247,6.5,30.9,61.5,5.8,17.5,0,0,2,0.31,0.16,0.24,20,0,28,230,5,102,193,2.8,1.4,Cemilan
419,uli goreng,1678,1.8,26.1,40.9,0.7,14,0,0,2,0.02,0.02,0.04,3,0,8,103,18,16,36,0.6,0.4,Cemilan
420,uli kukus,787,2.2,4.2,35.5,1.3,0.1,0,0,0,0.02,0.02,0.04,5,0,3,65,4,14,42,0.5,0.4,Cemilan
421,wafer coklat kero-kero rp.50 (terigu. g,1280,6.2,2.6,63.8,1.6,1.4,0,0,0,0.06,0.03,0.02,11,0,1,65,9,13,65,0.7,0.4,Cemilan
422,wafer,1280,6.2,2.6,63.8,1.6,1.4,0,0,0,0.06,0.03,0.02,11,0,1,65,9,13,65,0.7,0.4,Cemilan
423,wafer coklat pyramid,1280,6.2,2.6,63.8,1.6,1.4,0,0,0,0.06,0.03,0.02,11,0,1,65,9,13,65,0.7,0.4,Cemilan
424,choklat,1996,4.2,29.7,63.4,0,1,0,2,1,0.06,0.09,0.07,10,0,11,365,32,115,132,3.1,1.6,Cemilan
425,choklat eclair,1230,8.3,5.7,53.1,2.5,0.7,0,0,0,0.11,0.08,0.04,29,0,549,138,12,36,108,0.8,1,Cemilan
426,choklat jelly,92,0.3,0.9,3.4,0.1,0,0,0,0,0,0,0,1,0,0,13,1,4,6,0.1,0.1,Cemilan
427,cilok,1071,7.8,8,38.9,3.8,0.6,398,1901,6,0.15,0.33,0.39,63,28,78,511,61,32,167,2.5,1,Cemilan
428,cincau,4,0,0,0.2,0,0,0,0,0,0,0,0,0,0,3,20,2,2,1,0,0,Cemilan
429,cingloy,908,7.8,8,28.9,3.8,0.6,398,1901,6,0.15,0.33,0.39,63,28,78,511,61,32,167,2.4,1,Cemilan
430,cireng,1519,5.3,20.5,39.2,1.5,11.8,0,0,1,0.05,0.02,0.03,11,1,1,70,10,12,58,0.6,0.4,Cemilan
431,cireng/bakwan,2259,5.3,40.5,39.2,1.5,23.4,0,0,2,0.05,0.02,0.03,11,1,1,70,10,12,58,0.6,0.4,Cemilan
432,coconut milk with kluwih muda belu,364,0.9,3.5,15.1,3.4,0.1,0,2,1,0.05,0.02,0.16,8,15,3,281,10,16,26,0.5,0.2,Cemilan
433,coklat,1996,4.2,29.7,63.4,0,1,0,2,1,0.06,0.09,0.07,10,0,11,365,32,115,132,3.1,1.6,Cemilan
434,coklat beng beng,2092,7.5,23,66.6,1.2,11.3,13,50,1,0.08,0.18,0.07,14,1,51,175,111,20,132,0.7,0.7,Cemilan
435,coklat cha-cha,2092,7.5,23,66.6,1.2,11.3,13,50,1,0.08,0.18,0.07,14,1,51,175,111,20,132,0.7,0.7,Cemilan
436,corn bose and kacang tanah,661,6.7,12,8.5,2.5,3.8,0,0,2,0.08,0.04,0.08,32,0,6,186,22,48,105,1.3,0.9,Cemilan
437,cucur,1678,1.8,26.1,40.9,0.7,14,0,0,2,0.02,0.02,0.04,3,0,8,103,18,16,36,0.6,0.4,Cemilan
438,daging ayam goreng,1389,26.2,23.1,3.7,0.9,4.1,75,37,0,0.11,0.24,0.25,5,0,70,196,14,26,184,1.5,1.9,Makan Siang
439,daging babi goreng,1264,26.2,21.3,0,0,1.5,86,2,0,0.73,0.31,0.37,6,0,59,336,24,23,220,1,2.8,Makan Siang
440,daging sapi rebus,1879,23.8,29.8,22.2,2.3,1.2,83,8,0,0.11,0.23,0.86,24,9,49,688,10,48,198,1.8,3.9,Makan Siang
441,daging telur,1121,18.4,20.8,0.6,0,1.3,256,95,1,0.07,0.33,0.22,25,0,88,227,27,16,180,1.4,2.5,Makan Siang
442,dodol garut,787,2.2,4.2,35.5,1.3,0.1,0,0,0,0.02,0.02,0.04,5,0,3,65,4,14,42,0.5,0.4,Cemilan
443,dodol mannga,757,2.1,4.2,34.1,1.5,0.1,0,44,0,0.03,0.02,0.05,6,4,3,80,5,14,40,0.4,0.4,Cemilan
444,dodongkal,787,2.2,4.2,35.5,1.3,0.1,0,0,0,0.02,0.02,0.04,5,0,3,65,4,14,42,0.5,0.4,Cemilan
445,donat,1674,5.2,21.8,46.3,1,11.9,36,24,1,0.05,0.09,0.03,11,0,20,71,28,10,68,0.6,0.4,Cemilan
446,kerupuk gaplek,1523,2.6,0.7,88.5,3.7,0.2,0,14,0,0.31,0.05,0.7,36,72,6,583,46,24,170,2,0.7,Cemilan
447,kerupuk ikan berpati,1406,15.2,0.7,63.9,0.6,0.2,36,9,1,0.06,0.05,0.18,8,1,57,163,10,30,100,0.7,0.5,Cemilan
448,kerupuk ketan putih,1594,0.3,0.1,91.3,0.9,0,0,0,0,0,0,0,0,0,9,3,2,3,13,0.5,0.1,Cemilan
449,kerupuk legender,1259,2.5,0.7,73.4,3.5,0.2,0,14,0,0.3,0.05,0.67,35,69,5,559,44,23,161,1.8,0.7,Cemilan
450,kerupuk singkong,1205,2.4,0.7,70.2,3.3,0.2,0,13,0,0.29,0.04,0.64,33,66,4,535,42,22,154,1.8,0.7,Cemilan
451,kerupuk singkong pedas,1205,2.4,0.7,70.2,3.3,0.2,0,13,0,0.29,0.04,0.64,33,66,4,535,42,22,154,1.8,0.7,Cemilan
452,kerupuk terigu mentah,1523,10.3,1,76.3,2.7,0.4,0,0,0,0.1,0.04,0.04,18,0,2,107,15,22,108,1.2,0.7,Cemilan
453,kerupuk udang,2297,6.5,28.4,66.6,0.7,0.6,59,19,1,0.01,0.01,0.04,1,1,74,57,13,12,50,1.3,0.6,Cemilan
454,kerupuk udang berpati,1502,17.3,1,66.6,0.7,0.3,160,52,3,0.02,0.02,0.11,3,2,191,151,33,30,121,2.9,1.4,Cemilan
455,kerupuk upik singkong mentah,1314,2.6,0.7,76.6,3.6,0.2,0,14,0,0.31,0.05,0.7,36,72,5,583,46,24,168,1.9,0.7,Cemilan
456,ketupat,84,0.4,0,4.3,0,0,0,0,0,0,0,0.01,0,0,0,4,0,2,6,0,0.1,Cemilan
457,koci,858,3.4,4.2,38.7,2.3,0.2,0,0,0,0.05,0.03,0.06,36,0,3,107,8,22,65,0.8,0.6,Sarapan
458,kolang-kaling,812,0,0,50,0,0,0,0,0,0,0.01,0,0,0,1,1,1,0,1,0.1,0,Sarapan
459,lontong,787,2.2,4.2,35.5,1.3,0.1,0,0,0,0.02,0.02,0.04,5,0,3,65,4,14,42,0.5,0.4,Cemilan
460,lumpia,527,5,3.7,17.7,1,0.4,74,91,0,0.04,0.1,0.04,13,0,25,69,13,8,61,0.6,0.5,Cemilan
461,perkedel jagung,598,7.3,7.4,13.9,1.5,0.6,39,17,0,0.14,0.09,0.1,29,3,26,209,4,23,103,0.7,1.1,Cemilan
462,pipis/keyimus,774,1.2,2.6,40.8,1.9,0.1,0,5,0,0.11,0.02,0.25,14,25,3,229,17,11,67,0.9,0.3,Cemilan
463,pisang goreng,661,0.9,10.4,17.5,1.7,5.9,0,6,1,0.04,0.07,0.41,14,6,1,279,4,21,16,0.2,0.2,Cemilan
464,pisang molen,887,1.6,15.4,18.2,1.4,8.8,4,6,1,0.03,0.05,0.27,11,4,2,190,5,15,22,0.3,0.2,Cemilan
465,pop corn/lappo/benno,1841,6.9,18.1,65.4,6.2,10,0,40,2,0.33,0.17,0.26,21,0,30,244,5,108,205,3,1.5,Cemilan
466,promina,1619,14,1,78.1,0.7,0.2,5,3,0,0.15,0.4,0.22,18,3,130,482,315,58,338,0.5,1.9,Cemilan
467,rawon,866,4.4,2,42.9,0.6,0.3,72,32,0,0.03,0.1,0.03,11,0,22,45,12,7,54,0.5,0.3,Cemilan
468,rengginang,1728,6,10.5,71.5,0.8,6,0,0,1,0.05,0.05,0.13,5,0,0,73,8,33,93,0.5,1,Cemilan
469,rengginang ketan putih mentah,707,3.1,0.3,37.2,0.4,0.1,0,0,0,0.03,0.03,0.07,3,0,0,38,4,17,48,0.3,0.5,Cemilan
470,rengginang singkong mentah,1259,2.5,0.7,73.4,3.5,0.2,0,14,0,0.3,0.05,0.67,35,69,5,559,44,23,161,1.8,0.7,Cemilan
471,risoles,1033,10.3,7.6,33.3,1.4,0.5,60,19,0,0.09,0.1,0.18,15,4,25,233,13,21,108,1,1.2,Cemilan
472,bubur ayam,665,5.1,2.1,28.6,0.3,0.5,8,4,0,0.03,0.04,0.08,3,0,7,47,4,15,55,0.3,0.6,Sarapan
473,bubur beras bersantang purworejo,113,0.4,1.4,3.5,0.4,0,0,0,0,0,0,0.01,1,0,1,17,1,3,8,0.1,0.1,Sarapan
474,bubur campur belu,314,1.4,0.1,16.5,0.3,0.1,0,11,0,0.02,0.02,0.04,3,2,1,39,2,8,23,0.2,0.2,Sarapan
475,bubur cenil/bubur gintir/bubur candil,305,1.3,0.1,16,0.2,0.1,0,0,0,0.01,0.01,0.03,1,0,0,16,2,7,21,0.1,0.2,Sarapan
476,bubur halus campur susu belu,444,3.9,2.9,15.7,0.1,0.1,4,63,1,0.05,0.1,0.06,7,6,48,154,116,14,100,1.3,0.6,Sarapan
477,bubur havermuth,259,2.6,1,10.8,1.7,0.4,0,2,0,0.11,0.02,0.02,4,0,1,56,8,24,76,0.7,0.5,Sarapan
478,bubur kacang hijau belu,71,1.2,0.1,3.1,1,0,0,0,0,0.03,0.01,0.02,31,0,1,42,4,8,23,0.4,0.2,Sarapan
479,bubur kacang hijau with coconut milk,586,3.1,3.5,24.7,2.9,0.1,0,1,0,0.07,0.02,0.04,65,0,10,179,259,19,133,1.3,0.5,Sarapan
480,bubur kacang ijo and beras merah,473,3,0.2,24.8,2,0.1,0,1,0,0.07,0.03,0.05,63,0,1,92,8,20,58,0.8,0.5,Sarapan
481,bubur kacang ijo nestle,1732,14.2,9.8,65.8,0.4,0.3,13,210,2,0.18,0.33,0.22,24,19,160,526,389,53,352,4.3,2.3,Sarapan
482,bubur kacang ijo with sugar and water,310,2.3,0.2,16.2,2,0.1,0,1,0,0.06,0.02,0.03,62,0,1,84,7,16,47,0.8,0.4,Sarapan
483,bubur ketan hitam,636,1.1,3.4,30.1,1,0.1,0,0,0,0.01,0.01,0.02,3,0,2,45,3,7,23,0.3,0.2,Sarapan
484,bubur lunac belu,151,0.7,0.1,8,0.1,0,0,0,0,0.01,0.01,0.01,1,0,0,8,1,4,10,0.1,0.1,Sarapan
485,soto ayam,452,7.4,4.6,8.7,0.5,0.9,75,34,0,0.03,0.12,0.07,9,0,30,56,12,10,69,0.5,0.6,Makan Siang
486,soto daging,238,3.6,4.6,0,0,0.2,13,0,0,0.01,0.02,0.05,1,0,8,49,1,3,28,0.2,0.6,Makan Siang
487,sup ayam belu,180,4,2.8,0,0,0.6,12,6,0,0.01,0.04,0.04,1,0,11,27,2,3,27,0.2,0.3,Makan Siang
488,sup daging  belu,238,3.6,4.6,0,0,0.2,13,0,0,0.01,0.02,0.05,1,0,8,49,1,3,28,0.2,0.6,Makan Siang
489,sup kacang hijau  belu,121,1.9,0.1,5.2,1.6,0.1,0,1,0,0.05,0.02,0.03,52,0,1,70,6,13,39,0.6,0.3,Sarapan
490,sup kacang merah  belu,134,2.2,0.1,5.7,1.6,0.1,0,0,0,0.04,0.02,0.03,33,0,1,101,7,11,36,0.7,0.3,Sarapan
491,Bubur oatmeal,240,3,2,55,8,0.3,0,1,0.4,0.1,0.1,0.3,35,14,5,550,15,10,35,0.5,0.3,Sarapan
492,Bubur kacang merah,260,4,2.5,50,6,0.4,5,1,0.5,0.1,0.1,0.3,25,10,20,600,20,15,45,0.8,0.5,Sarapan
493,Bubur ayam dan labu,270,6,3,45,7,0.6,15,1.5,0.6,0.1,0.1,0.3,35,15,30,700,25,18,50,1.2,0.6,Sarapan
494,Nasi tim ayam,290,5,5,55,3,0.3,20,2,0.5,0.1,0.1,0.3,40,20,25,800,30,20,55,1,0.5,Makan Siang
495,Nasi tim daging sapi,310,7,8,70,2.5,0.4,30,3,0.7,0.1,0.1,0.4,45,25,20,750,35,22,60,1.2,0.4,Makan Siang
496,Nasi tim ikan,320,8,6,65,4,0.5,25,2.5,0.8,0.1,0.1,0.4,50,30,30,800,40,25,65,1.3,0.4,Makan Siang
497,Sup sayuran,300,6,3,60,6,0.2,10,2,0.5,0.1,0.1,0.3,30,20,10,600,25,18,50,1,0.3,Makan Malam
498,Bola-bola nasi dengan sayuran,310,7,4,62,4.5,0.3,15,2,0.6,0.1,0.1,0.3,40,25,15,700,30,20,55,1.2,0.5,Makan Malam
499,Omelet sayur,300,8,2,50,3,0.4,5,1.5,0.5,0.1,0.1,0.3,25,18,20,500,20,15,40,0.9,0.4,Makan Malam
500,Sup ayam dan kentang,260,4,1,30,5,0.3,0,1,0.4,0.1,0.1,0.2,20,15,15,400,15,12,30,0.6,0.3,Makan Malam
501,Bubur sereal,230,3,0.5,40,6,0.2,0,1,0.3,0.1,0.1,0.2,15,10,10,300,10,10,25,0.5,0.2,Makan Malam
