kode,nama_makanan,energi_kal,protein_g,lemak_g,karbohidrat_g,serat_g,kalsium_mg,fosfor_mg,besi_mg,natrium_mg,kalium_mg,tembaga_mg,seng_mg,retinol_mcg,thiamin_mg,riboflavin_mg,niasin_mg,vitamin_c_mg,status_makanan,kelompok_makanan,meal_type
EP001,Barongko,159,3.1,5.8,23.5,0,35,65,1.2,46,78,0.3,0.6,0,0,0,0,8,Olahan,Buah,Cemilan
EP002,Dodol nanas,338,1.5,1.2,80.3,0,0,0,0,0,0,0,0,0,0.55,0,0,0,Olahan,Buah,Cemilan
EP003,Getuk pisang,144,1.1,0.4,34.1,0.4,48,32,1,0,0,0,0,0,0.34,0,0,0,Olahan,Buah,Cemilan
EP004,Keripik lampung,485,1.7,22.2,69.7,0.6,43,65,0.8,0,0,0,0,0,0.41,0,0,0,Olahan,Buah,Cemilan
EP005,Ledre pisang,405,4.8,5.1,84.9,0.4,59,124,2.6,0,0,0,0,0,0.05,0,0,0,Olahan,Buah,Cemilan
EP007,Loka anjoro,163,1.1,4.3,30,0,0,0,0,0,0,0,0,0,0,0,0,3,Olahan,Buah,Cemilan
EP008,Rica-rica taipa,49,1.6,0.3,10,0,11,48,3,426,42,0.5,0.5,0,0.14,0,0,0,Olahan,Buah,Cemilan
EP009,Rujak aceh,82,0.4,0.3,19.7,2.4,0,0,0,0,0,0,0,0,0.1,0,0,0,Olahan,Buah,Cemilan
EP010,Sale kesemek,296,1.1,0.6,71.4,0,0,0,0,0,0,0,0,0,0,0,0,0,Olahan,Buah,Cemilan
EP011,Sale pisang siam,281,2.4,0.7,66.1,1,41,64,1.2,0,0,0,0,0,0,0,0,0,Olahan,Buah,Cemilan
EP012,"Sale pisang, cilacap",295,2.3,2.1,66.9,1.3,47,97,2.8,0,0,0,0,0,0.22,0.03,0,42,Olahan,Buah,Cemilan
EP013,Sanggara belanda,242,6.4,7.1,38.2,0,0,0,0,0,0,0,0,0,0,0,0,0,Olahan,Buah,Cemilan
ER001,"Alpukat, segar",85,0.9,6.5,7.7,0,10,20,0.9,2,278,0.2,0.4,0,0.05,0.08,1,13,Tunggal,Buah,Cemilan
ER002,"Anggur hutan, segar",30,0.5,0.2,6.8,1.2,39,12,1.1,0,0,0,0,0,0.01,0,0,3,Tunggal,Buah,Cemilan
ER003,"Apel malang, segar",57,0.5,0.4,12.8,0.8,9,18,0.6,4,175.4,110.16,0,0,0.05,0.03,0.1,5,Tunggal,Buah,Cemilan
ER004,"Apel, segar",58,0.3,0.4,14.9,2.6,6,10,0.3,2,130,124.2,0.3,0,0.04,0.03,0.1,5,Tunggal,Buah,Cemilan
ER005,"Arbai, segar",37,0.8,0.5,8.3,0,28,27,0.8,2,43,63.52,18.9,0,0.03,0,0.1,60,Tunggal,Buah,Cemilan
ER006,"Belimbing, segar",36,0.4,0.4,8.8,3.3,4,12,1.1,4,130,0,0.1,0,0.03,0,0,35,Tunggal,Buah,Cemilan
ER007,"Biwah, segar",51,0.3,0.1,12.1,0.7,220,14,0.8,1,258.6,0.04,0.1,0,0.1,0.02,0,4,Tunggal,Buah,Cemilan
ER008,"Buah atung, segar",23,0.8,0.2,5.2,0,30,50,4.6,0,0,0,0,0,0.29,0,0,38,Tunggal,Buah,Cemilan
ER009,"Buah kelenting, segar",110,1.4,2.1,21.4,0,8,102,1.1,2,0,0.3,0.9,0,0.2,0.1,0,6,Tunggal,Buah,Cemilan
ER010,"Buah kom, segar",264,4,1.1,59.6,9,306,92,0.8,0,0,0,0,0,0.11,0,0,9,Tunggal,Buah,Cemilan
ER011,"Buah mentega (Bisbul), segar",39,0.7,0.2,9.7,2,43,17,0.8,1,90,0.06,0.1,0,0.02,0.01,0.1,33,Tunggal,Buah,Cemilan
ER012,"Buah Naga Merah, segar",71,1.7,3.1,9.1,3.2,13,14,0.4,128,128,0,0.4,0,0.5,0.3,0.5,1,Tunggal,Buah,Cemilan
ER013,"Buah Naga Putih, segar",56,0.8,1,10.9,3.2,13,27,0.5,231,231,0,0.4,0,0.02,0.5,0.9,1,Tunggal,Buah,Cemilan
ER014,"Buah negri, segar",55,1.2,0.1,12.2,5.2,30,40,0.2,10,0,0.1,0.3,0,0.33,0.03,0.1,9,Tunggal,Buah,Cemilan
ER015,"Buah nona, segar",101,1.7,0.6,25.2,2.8,27,20,0.8,5,312.5,325.7,0.1,0,0.08,0.16,0.9,22,Tunggal,Buah,Cemilan
ER016,"Buah rotan, segar",78,0.6,0.3,18.2,0,1,7,3.4,7,495,0.3,0.7,0,0.12,0,0,5,Tunggal,Buah,Cemilan
ER017,"Buah rukam, segar",113,0.8,0.3,26.8,7.7,108,52,1.2,2,219,0.3,0.9,0,0.06,0.01,0,20,Tunggal,Buah,Cemilan
ER018,"Buah ruruhi, segar",29,2.1,0.7,3.6,2.6,6,7,0,36,45,0,0.1,0,0.06,0.01,0,10,Tunggal,Buah,Cemilan
ER019,"Buah tuppa, segar",67,0.4,0.2,15.9,0,12,139,0.5,2,0,0.2,0.5,0,0.04,0.01,0,5,Tunggal,Buah,Cemilan
ER020,"Carica papaya, segar",24,1.9,0.2,3.7,1,51,33,1.8,0,0,0,0,0,0.32,0.07,0,85,Tunggal,Buah,Cemilan
ER021,"Cempedak, segar",116,3,0.4,28.6,3.4,20,30,1.5,26,243.7,0,0,0,0,0,0.5,15,Tunggal,Buah,Cemilan
ER022,"Duku, segar",63,1,0.2,16.1,4.3,18,9,0.9,2,147.5,0.09,0.2,0,0.05,0.15,1.5,9,Tunggal,Buah,Cemilan
ER023,"Durian, segar",134,2.5,3,28,3.5,7,44,1.3,1,601,0.12,0.3,0,0.1,0.19,136.5,53,Tunggal,Buah,Cemilan
ER024,"Duwet, segar",80,0.5,0.6,18.2,0.9,33,138,1.3,16,92.7,191.28,0.3,0,0.02,0.01,2.5,130,Tunggal,Buah,Cemilan
ER025,"Embacang, segar",98,1.4,0.2,25.4,1.9,21,15,0.5,3,250.9,0.13,0.1,0,0.03,0.09,0.7,56,Tunggal,Buah,Cemilan
ER026,"Encung asam, segar",122,3.5,4.5,17.5,9.3,63,69,3.2,0,0,0,0,0,0.02,0,0,0,Tunggal,Buah,Cemilan
ER027,"Erbis, segar",70,0.6,0,18.9,7.7,11,50,1.1,21,257.1,0.06,0.1,0,0,0.1,1.1,16,Tunggal,Buah,Cemilan
ER028,Gandaria masak,68,0.7,0.1,18,2.2,9,20,1,3,129,0,0,0,0.03,0.07,0.7,111,Tunggal,Buah,Cemilan
ER029,"Gatep, segar",191,4.5,1.5,39.7,13.4,186,69,3.2,17,403.3,0.69,1.4,0,0.05,0.2,1.8,0,Tunggal,Buah,Cemilan
ER030,"Jambu air, segar",46,0.6,0.2,11.8,2.1,8,9,1.1,11,321.2,0,0.1,0,0.02,0.38,4.6,5,Tunggal,Buah,Cemilan
ER033,"Jambu bol, segar",49,2.3,0.2,9.6,3.5,8,8,0.3,1,14,0,0,0,0.13,0.01,0.5,22,Tunggal,Buah,Cemilan
ER034,"Jambu monyet, segar",64,0.7,0.6,15.8,1.2,4,13,0.5,12,107.8,0,0,0,0.02,0,2,197,Tunggal,Buah,Cemilan
ER035,"Jeruk bali, segar",48,0.6,0.2,12.4,0.8,23,27,0.5,21,366.1,171.25,0.1,0,0.04,0,0.4,43,Tunggal,Buah,Cemilan
ER036,"Jeruk banjar, segar",61,0.8,0.2,14.1,0,9,13,0.2,3,79,0.1,0.1,0,0.12,0.03,0.3,31,Tunggal,Buah,Cemilan
ER037,Jeruk garut-keprok,44,0.8,0.3,10.9,1.6,33,23,0.4,5,518.1,169.3,0.2,0,0.07,0.03,0.2,31,Tunggal,Buah,Cemilan
ER038,"Jeruk Kalamansi, segar",39,0.3,0.3,8.9,2.3,42,85,0.5,82,82,0.3,0.1,0,0.02,0.1,0,30,Tunggal,Buah,Cemilan
ER039,"Jeruk manis, segar",45,0.9,0.2,11.2,1.4,33,23,0.4,4,472.1,160,0.2,0,0.08,0.03,0.2,49,Tunggal,Buah,Cemilan
ER040,"Jeruk nipis, segar",44,0.5,0.2,10,0.4,18,22,0.2,3,108.9,0.06,0.1,0,0.01,0.03,0.2,20,Tunggal,Buah,Cemilan
ER041,"Jeruk ragi, segar",49,0.7,0.2,11.1,0.5,36,67,0.7,4,457.3,155,0.2,0,0.03,0.03,0.2,30,Tunggal,Buah,Cemilan
ER042,"Kawista, segar",120,3.5,2.5,20.8,4.6,190,230,1.6,9,1015.6,308.43,0.4,0,0.07,0.07,0.4,3,Tunggal,Buah,Cemilan
ER043,"Kedondong masak, segar",46,1,0.1,10.3,2.6,15,22,2.8,2,216.2,0.03,0.1,0,0.08,0.23,0.3,30,Tunggal,Buah,Cemilan
ER044,"Kedondong, segar",47,0.5,0.2,10.4,2.7,7,58,0.8,2,0,0,0.2,0,0.07,0.04,0.4,32,Tunggal,Buah,Cemilan
ER046,"Kelapa muda, daging, segar",68,1,0.9,14,0,7,30,1,18,564.6,0.14,0.4,0,0.06,0.02,0.6,4,Tunggal,Buah,Cemilan
ER047,"Kemang, segar",48,1,0.2,11.9,1.7,10,24,0.1,2,88.6,0.04,0.1,0,0.08,0.01,0.3,58,Tunggal,Buah,Cemilan
ER048,"Kesemek, segar",78,0.8,0.4,20,0.6,6,26,0.3,0.3,34.5,0.13,0.1,0,0.05,0,0.1,11,Tunggal,Buah,Cemilan
ER049,"Kokosan, segar",86,1.6,0.2,13,1.4,22,38,1.3,2,118.3,0.08,0.2,0,0.04,0.04,1.5,3,Tunggal,Buah,Cemilan
ER050,"Kranji, segar",315,2.1,1.4,73.5,0,160,120,3.7,0,0,0,0,0,0.02,0,0,0,Tunggal,Buah,Cemilan
ER051,"Langsat, segar",56,0.9,0.2,14.3,1.4,17,24,1.1,1,232,0.09,0.2,0,0.07,0,0.8,9,Tunggal,Buah,Cemilan
ER052,"Lemon, segar",34,0.5,0.8,6.2,0.1,23,20,0.3,31,140,0.1,0.2,0,0.09,0.12,0.3,50,Tunggal,Buah,Cemilan
ER053,"Lontar, segar",27,0.4,0.2,6,1.6,91,243,0.5,0,0,0,0,0,0.03,0,0,0,Tunggal,Buah,Cemilan
ER054,"Mangga, segar",52,0.7,0,12.3,1.6,20,16,1,3,140,0.33,0,0,0.03,0.01,0.3,12,Tunggal,Buah,Cemilan
ER055,"Mangga benggala, segar",63,2.4,0.4,12.4,5.8,9,13,0.2,3,79,0.1,0.1,0,0.18,0.01,0.4,43,Tunggal,Buah,Cemilan
ER056,"Mangga gedung, segar",44,0.7,0.2,11.2,1.6,13,10,0.2,2,83.6,0.04,0.1,0,0.08,0.01,0.3,30,Tunggal,Buah,Cemilan
ER057,"Mangga golek, segar",63,0.5,0.2,16.7,2.3,14,10,0.7,3,118.1,0.05,0.1,0,0.08,0.02,0.4,65,Tunggal,Buah,Cemilan
ER058,"Mangga harumanis, segar",46,0.4,0.2,11.9,1.7,15,9,0.2,2,88.9,0.04,0.1,0,0.08,0.01,0.3,6,Tunggal,Buah,Cemilan
ER059,"Mangga indramayu, segar",72,0.8,0.2,18.7,2.5,13,10,1.9,3,131.4,0.06,0.1,0,0.06,0.02,0.5,16,Tunggal,Buah,Cemilan
ER060,"Mangga kopek, segar",56,0.4,0.2,14.6,2,16,10,1.7,2,102.9,0.04,0.1,0,0.03,0.01,0.4,27,Tunggal,Buah,Cemilan
ER061,"Mangga kwini, segar",86,0.7,0.5,19.8,6.5,11,11,0.2,1,16,0.1,0.1,0,0.15,0.02,0.5,18,Tunggal,Buah,Cemilan
ER062,"Mangga manalagi, segar",133,1,0.1,32.1,11.8,20,23,1,70,161,0,0,0,0.07,0,0.6,61,Tunggal,Buah,Cemilan
ER063,"Mangga muda, segar",59,0.5,0.4,15.1,0,12,11,0.4,2,108.2,0.05,0.1,0,0.06,0.02,0.4,2,Tunggal,Buah,Cemilan
ER064,"Manggis, segar",63,0.6,0.6,15.6,1.5,8,12,0.8,10,61.9,0.1,0.1,0,0.03,0.03,0.3,5,Tunggal,Buah,Cemilan
ER065,"Markisa, segar",144,3.5,1.2,29.8,11.4,27,203,1.4,37,453.8,0.11,0.1,0,0.02,0.17,2,10,Tunggal,Buah,Cemilan
ER066,"Matoa, segar",90,1.2,0.1,21.1,0.5,20,40,0.6,10,190,0.3,0.6,0,0.18,0.09,0.5,54,Tunggal,Buah,Cemilan
ER067,"Melon, segar",37,0.6,0.4,7.8,1,12,14,0.4,167,167,0.3,0.1,0,0.02,0.1,0,0.2,Tunggal,Buah,Cemilan
ER068,"Menteng, segar",65,1.7,0.3,16.1,0,13,20,0.8,0,0,0,0,0,0,0,0,0,Tunggal,Buah,Cemilan
ER069,"Nanas palembang, segar",58,0.7,0.2,13.3,1.6,29,15,0.6,7,117,0.03,0.1,0,0.26,0.03,0.2,11,Tunggal,Buah,Cemilan
ER070,"Nanas, segar",40,0.6,0.3,9.9,0.6,22,14,0.9,18,111,0.03,0.1,0,0.02,0.04,0.2,22,Tunggal,Buah,Cemilan
ER071,"Nangka masak pohon, segar",106,1.2,0.3,27.6,3.7,20,19,0.9,2,407,246.58,1.4,0,0.07,0.1,1,7,Tunggal,Buah,Cemilan
ER072,"Pala, daging, segar",42,0.3,0.2,10.9,0.5,32,24,1.5,0,0,0,0,0,0,0,0,22,Tunggal,Buah,Cemilan
ER073,"Pepaya, segar",46,0.5,12,12.2,1.6,23,12,1.7,4,221,0.02,0.3,0,0.04,0.06,0.4,78,Tunggal,Buah,Cemilan
ER074,"Pisang ambon, segar",108,1,0.8,24.3,1.9,20,30,0.2,10,0,0.2,0.2,0,0.05,0.11,0.1,9,Tunggal,Buah,Cemilan
ER075,"Pisang angleng (pisang ampyang), segar",68,1.3,0.2,17.2,0.8,10,26,0.6,23,215.7,0.04,0,0,0.08,0.05,2.5,6,Tunggal,Buah,Cemilan
ER076,"Pisang ayam, segar",120,1.1,0.2,26.8,4.1,20,61,0.4,6,392,0.1,0.3,0,0.1,0.02,1,26,Tunggal,Buah,Cemilan
ER077,"Pisang gapi, segar",127,2.1,0.3,31.1,11.7,0,40,0.3,40,392,0,0.3,0,0.18,0.02,0.3,13,Tunggal,Buah,Cemilan
ER078,"Pisang goroho, segar",115,1.9,0.2,27.9,4.6,0,30,0.2,36,359,0,0.3,0,0.15,0.02,1.1,10,Tunggal,Buah,Cemilan
ER079,"Pisang hijau, segar",117,2,0.3,28.9,0.4,0,37,0.9,31,529.4,0.28,0.6,0,0.13,0.06,0,13,Tunggal,Buah,Cemilan
ER080,"Pisang kayu, segar",100,1.4,0.5,23.6,2.6,15,0,0.1,1,493,0.08,0.3,0,0.1,0,0.6,11,Tunggal,Buah,Cemilan
ER081,"Pisang kepok, segar",109,0.8,0.5,26.3,5.7,10,30,0.5,10,300,0.1,0.2,0,0.1,0,0.1,9,Tunggal,Buah,Cemilan
ER082,"Pisang ketip, segar",145,1.1,0.3,34.5,6.6,5,54,0.1,4,726,0.15,0.5,0,0.13,0.02,0.8,95,Tunggal,Buah,Cemilan
ER083,"Pisang kidang, segar",96,1,0.2,22.5,0.6,87,173,0.6,6,418.8,0.22,0.5,0,0.04,0.1,0.9,2,Tunggal,Buah,Cemilan
ER084,"Pisang lampung, segar",99,1.3,0.2,25.6,4.3,10,19,0.9,28,475,0.25,0.5,0,0.07,0.12,1,4,Tunggal,Buah,Cemilan
ER085,"Pisang mas bali ampenan, segar",92,1.4,0.2,21,3.7,7,29,1.2,32,272,0.18,0.4,0,0.09,0.03,0.6,11,Tunggal,Buah,Cemilan
ER086,"Pisang mas bali kopang, segar",127,1.4,0.2,31.8,3.7,10,0,0.1,43,616,0.12,0.4,0,0.21,0.05,0.9,17,Tunggal,Buah,Cemilan
ER087,"Pisang mas, segar",127,1.4,0.2,33.6,1.4,7,25,0.8,42,392,195.78,0.5,0,0.09,0.08,4.5,2,Tunggal,Buah,Cemilan
ER088,"Pisang raja sereh, segar",108,1.3,0.3,28.2,0.7,16,38,0.1,31,522.6,0.27,0.6,0,0.02,0.08,1.1,2,Tunggal,Buah,Cemilan
ER089,"Pisang raja, segar",120,1.2,0.2,31.8,5.3,10,22,0.8,35,582.2,0.31,0.7,0,0.06,0.14,1.2,10,Tunggal,Buah,Cemilan
ER090,"Pisang rotan, segar",98,1.3,1.2,20.5,1,17,51,1.1,24,406.9,0.21,0.5,0,0.01,0.1,0.9,2,Tunggal,Buah,Cemilan
ER091,"Pisang talas, segar",113,1.2,0.2,26.7,4.4,22,22,0.6,29,48,0.26,0.1,0,0.12,0.03,1,9,Tunggal,Buah,Cemilan
ER092,Pisang tujuh bulan,94,0.6,0.2,22.5,3.7,50,20,0.2,0,4,0.1,0.4,0,0.03,0.03,0.3,6,Tunggal,Buah,Cemilan
ER093,"Pisang ua, segar",128,0.8,0.5,30.2,8.1,12,28,0.7,33,382,0.2,0.3,0,0.09,0.01,1.2,4,Tunggal,Buah,Cemilan
ER094,"Pisang uli, segar",134,1.1,0.5,35.5,1.4,31,53,0.9,39,650.3,0.34,0.7,0,0.11,0.16,1.4,3,Tunggal,Buah,Cemilan
ER095,"Purut, segar",76,4.1,1.1,15.2,1.7,30,76,0.6,10,285.2,0,0,0,0.01,0.11,0,0,Tunggal,Buah,Cemilan
ER096,"Rambutan binjai, segar",76,0.5,0.2,18,3.8,15,22,1.2,22,120,0.2,0.2,0,0.19,0.01,0.4,13,Tunggal,Buah,Cemilan
ER097,"Rambutan, segar",69,0.9,0.1,18.1,0.8,16,16,0.5,16,104.2,0.17,0.1,0,0,0.07,0.5,58,Tunggal,Buah,Cemilan
ER098,"Salak bali, segar",57,0.5,0.1,13.6,1.3,94,25,2.1,0,0,0.08,0.2,0,0,0,0,0.4,Tunggal,Buah,Cemilan
ER099,"Salak medan, segar",55,0.4,0.2,12.8,3.2,6,46,0.5,39,113,0.2,0.3,0,0.04,0.03,0,58,Tunggal,Buah,Cemilan
ER100,"Salak pondoh, segar",87,0.8,0.4,20.1,0,38,31,3.9,0,0,0.08,0.2,0,0,0.12,0.1,8,Tunggal,Buah,Cemilan
ER101,"Salak, segar",77,0.4,0,20.9,0,28,18,4.2,0,0,0.08,0.2,0,0.04,0,0,2,Tunggal,Buah,Cemilan
ER102,"Sawo duren, segar",64,1,3.1,8,0.8,18,45,0.8,13,111.4,0.02,0.1,0,0.01,0.02,0.1,1,Tunggal,Buah,Cemilan
ER103,"Sawo kecik, segar",111,0.9,2.3,21.6,1,20,185,0.7,28,117.8,0.04,0.1,0,0,0.04,1.5,19,Tunggal,Buah,Cemilan
ER104,"Sawo Manila, segar",92,0.5,1.1,22.4,9.5,25,12,1,26,110.2,0.04,0.1,0,0.01,0.04,1.4,21,Tunggal,Buah,Cemilan
ER105,"Semangka, segar",28,0.5,0.2,6.9,0.4,7,12,0.2,7,93.8,0.04,0.1,0,0.05,0.05,0.3,6,Tunggal,Buah,Cemilan
ER106,"Sirsak, segar",65,1,0.3,16.3,3.2,14,27,0.6,2,298.9,0.08,1,0,0.07,0.08,0.7,20,Tunggal,Buah,Cemilan
ER107,"Sowa, segar",48,1.6,0.6,9.1,45,50,40,0.3,9,0,0.1,1.5,0,0.15,0.23,0.2,4,Tunggal,Buah,Cemilan
ER108,"Srikaya, segar",63,1.1,0.5,13.9,2.1,127,30,2.7,0,0,0,0,0,0.08,0,0,28,Tunggal,Buah,Cemilan
ER109,"Sukun muda, segar",119,1.4,0.2,28.1,1.4,24,44,1.4,24,414.4,0.09,0.1,0,0.17,0.17,3.7,52,Tunggal,Buah,Cemilan
ER110,"Sukun tua, segar",126,1.6,0.2,24.5,1.5,37,47,1.6,25,436,0.09,0.1,0,0.18,0.17,3.9,58,Tunggal,Buah,Cemilan
ER111,"Vigus, segar",44,2.4,0.1,8.3,0,30,20,0.3,2,180,0.1,0.2,0,0.26,0.01,0,43,Tunggal,Buah,Cemilan
ER112,"Wani, segar",74,0.8,0.3,17.1,3.1,66,29,1.2,0,0,0,0,0,0.08,0,0,80,Tunggal,Buah,Cemilan
ER113,"Mentimun Suri, segar",16,1.3,0,2.1,0.9,768,422,0,0,1008,0,0,0,0,0,0,25,Tunggal,Buah,Cemilan
ER114,"Blewah, segar",34,0.8,0.2,8.2,0.9,9,15,0.2,16,267,0.04,0.2,0,0.04,0.02,0.7,37,Tunggal,Buah,Cemilan
EP015,Tepung Sukun,353,2.9,0.5,84.4,3.7,100,85,4.6,9,2008,0.1,0.6,0,0.4,0.02,0.1,3,Olahan,Buah,Cemilan
ER031,Jambu biji,49,0.9,0.3,12.2,2.4,14,28,1.1,10,52.8,0.02,0.3,0,0.02,0.03,0.8,87,Tunggal,Buah,Cemilan
ER032,Jambu biji putih tidak berbiji,61,0.9,0.3,15.4,4.5,31,41,0.2,20,103,0.04,0.5,0,1.02,0.06,1.3,116,Tunggal,Buah,Cemilan
FP007,Kerupuk urat,588,53.7,40.9,1.2,0,36,15,1.3,1024,37,0.1,0.2,2802,0,0,0,0,Olahan,Daging,Cemilan
GP048,Rusip,110,11.5,2,11.7,0,479,348,7.1,0,0,0,0,0,0.04,0,0,0,Olahan,Ikan dsb,Cemilan
GP058,Cakalang asar (asap papua),155,20.1,3.8,10.2,0,20,240,2.1,90,390,0.3,0.1,86,0,0.7,0.2,0,Olahan,Ikan dsb,Cemilan
GP071,"Jukku pallu kaloa, masakan",15,15.2,4.3,8.8,0,40,170,1.1,605,153,0.6,1.1,0,0.3,0.14,7.5,0,Olahan,Ikan dsb,Cemilan
GP077,Pempek adaan,162,4.9,3,27.8,0,26,116,1,488,119,0.1,0.2,0,0.3,0.03,1,0,Olahan,Ikan dsb,Cemilan
GP078,Pempek belida,156,4.2,1.4,31.6,0.2,100,55,3.3,0,0,0,0,0,0.03,0,0,0,Olahan,Ikan dsb,Cemilan
GP079,Pempek kapal selam,152,4.5,2.3,28.2,0,19,115,1.6,628,91,0.1,0.2,0,0.2,0.03,1,0,Olahan,Ikan dsb,Cemilan
GP080,Pempek kelesan,211,12.3,6.1,26.6,0.4,840,176,1.8,0,0,0,0,14,0.25,0,0,0,Olahan,Ikan dsb,Cemilan
GP081,Pempek kulit,243,5.2,7.3,39.1,0,16,96,2,555,102,0.1,0.6,0,0.2,0.02,0.9,0,Olahan,Ikan dsb,Cemilan
GP082,Pempek telur,156,4.7,2.7,28.3,0,13,83,1.3,448,48,0.1,0.6,0,0.2,0.05,1.1,0,Olahan,Ikan dsb,Cemilan
GP083,Pempek tenggiri,173,7.2,1.2,33.4,0.2,164,80,3.1,0,0,0,0,0,0.02,0,0,0,Olahan,Ikan dsb,Cemilan
GP092,Tekwan,53,1.9,0.9,9.4,0,9,41,1,174,42,0,0,99,0.1,0.02,0.4,0,Olahan,Ikan dsb,Cemilan
CP008,"Kacang merah kering, rebus",158,10.3,0.9,28.2,2.6,160,149,3.7,6,311,0.27,1.5,0,0.2,0.09,0.8,0,Olahan,Kacang,Cemilan
CP001,"Kacang belimbing (kecipir), rebus",204,16.9,8.8,17.5,4.8,230,180,3.3,43,1098,3.24,2.3,0,0.2,0.48,0.7,0,Olahan,Kacang,Cemilan
CP003,"Kacang bogor, rebus",161,7.7,2.8,27.1,2,56,134,1.4,0,0,0,0,0,0.1,0,0,0,Olahan,Kacang,Cemilan
CP004,"Kacang gude, rebus",147,9,0.5,27.5,3.4,50,175,2,14,1126,0.8,2.7,0,0.1,0.07,13.2,0,Olahan,Kacang,Cemilan
CP005,"Kacang hijau, rebus",109,8.7,0.5,18.3,1.5,95,149,1.5,447,657.8,1.4,2.8,0,0.12,0.04,0.4,3,Olahan,Kacang,Cemilan
CP007,"Kacang kedelai, rebus",189,20.2,8.2,12.7,1.6,91,270,3.9,181,615,1.3,3.7,0,0.2,0.04,0.5,0,Olahan,Kacang,Cemilan
CP013,"Kacang tanah, rebus",220,10.6,18,8,1,89,273,1.9,36,536.2,1.78,2.2,0,0.1,0,0,0,Olahan,Kacang,Cemilan
CP014,"Kacang tolo / tunggak, rebus",138,10.7,1.1,22.6,0.9,165,172,4,13,6.7,0.8,6.1,0,0.01,0.17,3.2,0,Olahan,Kacang,Cemilan
CP015,Ampas kacang hijau,96,3.7,0.6,19.1,2.7,133,150,1.3,0,0,0,0,0,0.05,0,0,0,Olahan,Kacang,Cemilan
CP023,Dodol banjarmasin,368,2.6,8.6,70,0.5,51,180,3.3,48,96,0.4,2.6,0,0.04,0.07,2.3,0,Olahan,Kacang,Cemilan
CP024,Emping (kerupuk melinjo),345,12,1.5,71.5,0,100,400,5,0,0,0,0,0,0.2,0,0,0,Olahan,Kacang,Cemilan
CP025,Emping komak,355,17.8,4.6,60.7,0,87,304,4.3,24,1233,1,2.3,0,0,0,0.6,0,Olahan,Kacang,Cemilan
CP029,Geplak,350,1.4,14.4,53.6,1.8,151,43,2.1,0,0,0,0,0,0.12,0.02,0.8,0,Olahan,Kacang,Cemilan
CP030,Geplak jahe,462,3.1,24.4,57.7,3.3,212,161,6.6,0,0,0,0,0,0.12,0,0.1,0,Olahan,Kacang,Cemilan
CP031,Kacang atom,533,27.8,38.1,28.8,2.5,87,423,3,0,0,0,0,0,0.06,0,0,0,Olahan,Kacang,Cemilan
CP034,Kacang sukro,484,8.8,26.1,57.7,1.8,49,194,2.5,0,0,0,0,0,0.06,0,0,0,Olahan,Kacang,Cemilan
CP039,Keripik oncom,598,8.3,43.8,42.6,3.3,85,153,27,0,0,0,0,0,1.13,0,0,0,Olahan,Kacang,Cemilan
CP040,Keripik tempe,581,12.1,40.6,41.7,2.2,237,116,6.9,0,0,0,0,0,0.35,0,0,0,Olahan,Kacang,Cemilan
CP041,Keripik tempe abadi besar,556,15.8,37.1,39.8,3.5,112,215,5.4,0,0,0,0,0,0.63,0,0,0,Olahan,Kacang,Cemilan
CP042,Keripik tempe abadi murni,542,40.3,42.4,11.6,2.2,175,529,5.2,0,0,0,0,0,0.1,0,0,0,Olahan,Kacang,Cemilan
CP043,Keripik tempe abadi sedang,510,12.3,27.9,52.4,3.6,122,211,8.4,0,0,0,0,0,0.52,0,0,0,Olahan,Kacang,Cemilan
CP044,Keripik tempe abadi telur,529,20.8,31.7,40.2,3,124,222,5.4,0,0,0,0,0,0.86,0,0,0,Olahan,Kacang,Cemilan
CP045,Keripik tempe abadi prima,540,16.7,33.9,42,2.2,92,184,3.2,0,0,0,0,0,0.38,0,0,0,Olahan,Kacang,Cemilan
CP046,Kwaci,515,30.6,42.1,13.8,13.6,54,312,6.2,124,448.6,0.65,9.7,0,0.02,0.19,0.3,0,Olahan,Kacang,Cemilan
CP047,Melinjo emping tebal goreng manis,439,10,16.4,65.7,0,66,225,0,0,0,0,0,0,0.1,0,0,0,Olahan,Kacang,Cemilan
CP048,"Melinjo emping tebal, goreng asin",431,11.1,16.2,63,0,77,0,0,0,0,0,0,0,0.08,0,0,0,Olahan,Kacang,Cemilan
CP049,Melinjo emping tipis goreng,485,11.5,24.5,59.1,0,85,218,0,0,0,0,0,0,0.11,0,0,0,Olahan,Kacang,Cemilan
CP058,Sayur lebui,64,2.1,0.6,12.5,5.7,21,2,1,124,146,0.2,0.7,0,0,0,0.1,0,Olahan,Kacang,Cemilan
CP060,Susu kedelai,41,3.5,2.5,5,0.2,50,45,0.7,128,287.9,0.12,1,0,0.08,0.05,0.7,2,Olahan,Kacang,Cemilan
CP064,Takwa,148,13.8,8.5,4,0,140,214,8.5,3,79,0.3,1.3,0,0.2,0.1,0.8,0,Olahan,Kacang,Cemilan
CP002,"Kacang bogor, goreng",479,12.7,23.2,58.9,1.2,135,184,2.9,0,0,0,0,0,0.25,0.45,4.1,0,Olahan,Kacang,Cemilan
CP010,"Kacang mete/biji jambu monyet, goreng",629,20.4,56.3,19.8,1.1,502,493,8,13,641.7,4.7,5.4,0,0.37,0.22,1.8,0,Olahan,Kacang,Cemilan
CP006,"Kacang kedelai, goreng",521,32.2,37.7,22.9,7.6,296,800,6.5,3492,11890,26.3,60,0,0.4,1.9,19,0,Olahan,Kacang,Cemilan
CP012,"Kacang tanah, goreng",564,25.5,44.4,25.5,2.8,106,390,4.1,0,0,0,0,0,0.4,0,0,0,Olahan,Kacang,Cemilan
CP028,Enting-enting wijen,565,18.2,38.4,36.8,1.9,251,502,10.9,0,0,0,0,0,0.92,0,0,0,Olahan,Kacang,Cemilan
CR030,Kacang tanah sangan,560,29.5,43,24.1,2.9,107,366,4.1,34,509.8,1.69,2.1,0,0.31,0.3,15.5,0,Tunggal,Kacang,Cemilan
CR031,Kacang tanah sangan tanpa selaput,559,26.9,44.2,23.6,2.6,74,393,1.9,33,202.3,520.4,1.7,0,0.3,29.47,8,0,Tunggal,Kacang,Cemilan
CP017,Ampas tahu kukus,75,4.1,2.1,10.7,5.1,203,60,1.3,0,0,0,0,0,0.07,0,0,0,Olahan,Kacang,Cemilan
CP071,Tempe gembus P3G,73,5.7,1.3,10.3,4.2,204,80,1.5,0,0,0,0,0,0.09,0.1,0.9,0,Olahan,Kacang,Cemilan
CP072,Tempe gembus yogya,76,6.8,0.7,10.6,5.3,76,142,16.5,0,0,0,0,0,0.79,0.01,0.1,0,Olahan,Kacang,Cemilan
CP011,Kacang tanah rebus dg kulit,360,13.5,31.2,12.8,0,42,177,1.4,32,483,1.6,2,0,0.44,0.13,9,5,Olahan,Kacang,Cemilan
CP026,Enting-enting gepuk hello kity,538,13.6,30.3,52.6,0.2,81,248,1.6,0,0,0,0,0,1,0,0,0,Olahan,Kacang,Cemilan
CP027,Enting-enting gepuk kacang tanah,524,13.3,29.2,52,0.2,76,248,1.4,0,0,0,0,0,0.62,0,0,0,Olahan,Kacang,Cemilan
CP055,Rempeyek kacang tanah,513,17.5,32.5,44.3,1.7,65,202,2.6,0,0,0,0,0,0.1,0,0,0,Olahan,Kacang,Cemilan
CP056,Rempeyek kacang tolo,451,11.2,20.2,59.7,1.8,156,221,4.6,0,0,0,0,0,0.02,0,0,0,Olahan,Kacang,Cemilan
CP057,Rempeyek kacang uci,497,17,27.6,50.8,2.4,166,89,6.7,0,0,0,0,0,0.05,0,0,0,Olahan,Kacang,Cemilan
DP004,"Daun kacang panjang, kukus",40,3.7,0.3,8,1.8,111,66,3.7,6,419.5,0.2,0.3,0,0.15,0.2,0.9,11,Olahan,Sayur,Cemilan
DP005,"Daun katuk, rebus",53,5.3,0.9,9.1,1.2,185,102,3.1,16,291.3,0.3,1.3,0,0,0.3,2.2,66,Olahan,Sayur,Cemilan
DP006,"Daun kelor, rebus",61,6.1,0.9,10,0.9,255,36,2.1,45,181.2,0.1,0.6,0,0.1,0.1,4,13,Olahan,Sayur,Cemilan
DP013,"Kangkung, kukus",30,3.2,0.7,4.7,1.8,70,49,4.4,45,184.9,0.1,0.4,0,0.03,0.28,1.4,11,Olahan,Sayur,Cemilan
DP014,"Kangkung, rebus",22,2.5,0.6,3.1,1.2,50,51,3.5,31,98,0.1,0.3,0,0.01,0.22,1.2,13,Olahan,Sayur,Cemilan
DP015,"Paria putih, kukus",16,0.8,0.2,3.4,1.2,16,33,0.5,4,236,0,0.7,0,0.15,0.04,0.3,35,Olahan,Sayur,Cemilan
DP018,"Taoge, seduh",28,3,0.8,4,1,52,73,0.5,18,58.3,0.19,0.4,0,0.1,0,0.9,2,Olahan,Sayur,Cemilan
DP019,"Terung panjang, kukus",23,1.8,0.1,4.9,0.4,40,13,0.5,9,57,67.1,0.2,0,0,0.07,0.7,1,Olahan,Sayur,Cemilan
DP022,"Asinan Bogor, sayuran",98,3.9,2.6,14.8,0.5,314,17,1.2,483,0,0,0,10,0.28,0,0,5,Olahan,Sayur,Cemilan
DP023,"Anyang, sayur",126,3.4,7.9,10.3,5.4,180,1,2.9,290,181,0.3,1.2,0,0.2,0,0,0,Olahan,Sayur,Cemilan
DP024,"Ares, sayur",113,0.9,7.2,11.2,4.7,63,5,1.5,1413,1030,0.7,3.8,0,0.1,0,0.5,0,Olahan,Sayur,Cemilan
DP026,Beberuk,65,1.1,5.2,3.5,3.1,179,72,8.3,53,427,0.4,0.2,0,0.3,0,4.4,0,Olahan,Sayur,Cemilan
DP028,Buntil daun talas,141,4.4,10.2,8,1.8,149,121,14.5,0,0,0,0,13,0.25,0,0,1,Olahan,Sayur,Cemilan
DP029,Cammetutu,102,3.2,6,8.7,4.3,41,93,0.5,443,518,0.3,0.7,0,0.3,0.4,0.4,19,Olahan,Sayur,Cemilan
DP035,Kadada katembe,110,4.5,6.9,7.1,3.9,26,77,0,178,131,0.2,0.7,0,0.1,0,3.7,23,Olahan,Sayur,Cemilan
DP036,"Kaparende, sayur",38,2.4,2,2.6,1.5,126,68,0,170,43,0,0.3,0,0.1,0,3.7,22,Olahan,Sayur,Cemilan
DP038,Keripik bayam,586,4.9,40.6,50.2,0.5,236,117,3.6,0,0,0,0,0,0.16,0,0,0,Olahan,Sayur,Cemilan
DP039,Kotiu hinela tawang nggole,46,2.2,1.5,6,3.8,64,44,0,316,103,1.6,0.8,0,0.3,0,9.7,7,Olahan,Sayur,Cemilan
DP040,Lema/Rebung asam,15,1,0.4,1.9,0,17,230,2.9,3,156,0.1,0.7,0,0.3,0,0,0,Olahan,Sayur,Cemilan
DP041,Lilin bungkus gedi,79,2.3,5.2,5.8,2.5,170,70,0.9,170,50,0.2,0.8,0,0.2,0.1,0,18,Olahan,Sayur,Cemilan
DP042,Olah-olah,9,2.1,6,7.1,4.4,26,3,1.2,289,266,0.3,0.6,0,0.2,0.1,0.4,0,Olahan,Sayur,Cemilan
DP043,Paku hinela wulelenggapaya,77,3.5,4.6,5.4,3.6,63,85,0,469,37,0.3,0.7,0,0.8,0.1,0.2,4,Olahan,Sayur,Cemilan
DP045,Purundawa,25,1.5,0.5,3.6,1.7,147,39,0,239,201,0.1,0.6,0,0.1,0.1,11.6,2,Olahan,Sayur,Cemilan
DP046,Rujak cingur,153,11.3,8.4,8,1.4,256,143,4.4,0,0,0,0,18,0.16,0,0,2,Olahan,Sayur,Cemilan
DP049,Sayur garu,178,2.6,13.9,10.6,8.4,30,130,0.9,20,120,0.1,0.3,0,0.2,0.1,0,9,Olahan,Sayur,Cemilan
DP050,Sayur kohu-kohu,133,7.3,6.6,11.2,1.2,40,120,0.2,20,50,0.1,0.3,0,0.2,0.2,0,9,Olahan,Sayur,Cemilan
DP051,Sayur lilin-terubuk,36,2.7,0.7,4.8,1.4,10,90,0.1,30,44,0.2,1,0,0.3,0.2,0,18,Olahan,Sayur,Cemilan
DP052,Sayur ndusuk,49,3.1,2.5,3.6,0,11,6,0.5,1011,88,0,0.2,0,0.2,0.1,0,15,Olahan,Sayur,Cemilan
DP054,Sayur umbut kelapa,67,5.2,2.9,5.1,1.4,48,81,3.2,313,108,0.2,1.1,0,0.2,0,0,5,Olahan,Sayur,Cemilan
DP055,Sayur umbut rotan,57,5.4,2.6,3.1,1.6,184,135,1.2,256,81,0.2,0.9,0,0.2,0,0,6,Olahan,Sayur,Cemilan
DP058,Tinira ninahu nggaluku,33,1.2,1.3,4.1,3.1,35,35,0,161,119,0.2,0.7,0,0.3,0,3.5,10,Olahan,Sayur,Cemilan
DP059,Tumis bayam bersantan,48,1.4,4.2,2.6,0.5,129,27,0.8,0,0,0,0,0,0.01,0,0,22,Olahan,Sayur,Cemilan
DP060,Waluh balamak,45,0.8,0.9,8.1,7.9,25,25,0.5,61,15,0,0.2,0,0.2,0,0.1,2,Olahan,Sayur,Cemilan
DR011,Buah kelor,38,1.5,0.2,7.5,3.2,30,54,0,48,216,0,0.2,0,0.1,0.1,4.1,25,Tunggal,Sayur,Cemilan
DR012,Buah merah,87,2.6,2.7,13.1,4,30,1,1.1,110,140,0.1,0.3,0,1.5,0.1,0.2,15,Tunggal,Sayur,Cemilan
DR091,Jamur sagu,48,1.9,3.2,2.8,1,10,90,0.6,100,440,0.6,0.6,0,0.2,0.2,6.5,0,Tunggal,Sayur,Cemilan
DR098,Kacang ranti polong,37,3.1,0.2,7.9,2.5,103,126,0.8,0,0,0,0,0,0.02,0,0,6,Tunggal,Sayur,Cemilan
DR101,Kangkung tondano,43,1.8,0.2,8.4,4.3,72,9,0.7,30,361,0.3,0.4,0,0.8,0.1,1.1,23,Tunggal,Sayur,Cemilan
DR103,Karawila,25,2.3,0.2,3.5,2.1,25,67,0.3,8,88.4,0.08,0.3,0,0.1,0.1,0.4,39,Tunggal,Sayur,Cemilan
DR115,"Koro kerupuk, polong",128,8.3,0.7,22.1,0,17,12,2.7,0,0,0,0,0,0.11,0,0,31,Tunggal,Sayur,Cemilan
DR116,"Koro wedus, polong",46,3,0.3,7.9,3.3,56,47,1.1,2,249.3,0.09,0.4,0,0.09,0.09,0.5,17,Tunggal,Sayur,Cemilan
DR119,Kulit melinjo,111,4.5,1.1,20.7,5,117,179,2.6,0,0,0,0,0,0.07,0,0,7,Tunggal,Sayur,Cemilan
DR129,Mostarda metan - sawi hijau,33,2.3,0.5,4.7,1.8,60,30,3.1,20,100,0.1,0.4,0,0.2,0.1,0.1,12,Tunggal,Sayur,Cemilan
DR140,Rumput laut,41,1.4,0.3,8.1,2.2,80,20,1.6,250,380,0.2,0.4,0,0.2,0,0.1,7,Tunggal,Sayur,Cemilan
DR159,Terung panjang,25,2.1,0.1,5.3,0.5,38,24,0.7,9,53.7,0.09,0.2,0,0.15,0.06,0.7,8,Tunggal,Sayur,Cemilan
DR165,Umbut rotan,34,2.4,0.3,5.5,2.2,89,79,1.3,8,552,0.2,1.9,0,0.2,0,0,9,Tunggal,Sayur,Cemilan
AP012,"Jagung kuning pipil, rebus",154,3.8,3.5,28.4,0.7,7,171,0.5,5,56.4,0.1,2,0,0.08,0.1,1.7,0,Olahan,Serealia,Cemilan
AP026,Amparan tatak,191,1.3,5.5,34,0,0,0,0,0,0,0,0,0,0,0,0,0,Olahan,Serealia,Cemilan
AP027,"Apang kukus, kue",202,3,0.3,46.7,0,0,0,0,0,0,0,0,0,0,0,0,0,Olahan,Serealia,Cemilan
AP028,"Apem, kue",148,2,0.5,33.9,0,0,0,0,0,0,0,0,0,0,0,0,0,Olahan,Serealia,Cemilan
AP029,Biskuit,458,6.9,14.4,75.1,2.1,62,87,2.7,241,20.3,0.16,0.6,0,0.09,0.15,1.4,0,Olahan,Serealia,Cemilan
AP030,"Bakpia, kue",272,8.7,6.7,44.1,0.9,194,117,4.5,0,0,0,0,0,0.31,1,2.9,0,Olahan,Serealia,Cemilan
AP031,Bakwan,280,8.2,10.2,39,3.4,204,79,7,0,0,0,0,0,0.08,0,0,0,Olahan,Serealia,Cemilan
AP032,Bantal,190,3.3,0.3,43.5,3.4,9,0,0.4,164,84,0.2,0.9,0,0.27,0.02,3.6,0,Olahan,Serealia,Cemilan
AP034,Batar daan,107,2.2,2.2,19.6,0,20,30,0.6,200,90,0.1,0,0,0.18,0.02,0,0,Olahan,Serealia,Cemilan
AP035,Bika ambon,199,2.1,1.5,44.4,0.3,45,28,1.8,0,0,0,0,0,0.1,0,0,0,Olahan,Serealia,Cemilan
AP036,Bingka,273,5.3,10.6,39.1,0,0,0,0,0,0,0,0,0,0,0,0,0,Olahan,Serealia,Cemilan
AP037,Bobengka,225,5.3,2.6,45.2,0,0,0,0,0,0,0,0,0,0,0,0,0,Olahan,Serealia,Cemilan
AP038,Bolu peca,197,3.3,4.6,35.6,0,0,0,0,0,0,0,0,0,0,0,0,0,Olahan,Serealia,Cemilan
AP039,Brem,249,3.4,0.4,58,0,198,86,2,0,0,0,0,0,0.34,0,0,0,Olahan,Serealia,Cemilan
AP041,Cake tape,323,4.9,11.5,50.1,1.4,131,83,2.6,0,0,0,0,26,0.38,0.16,0.3,0,Olahan,Serealia,Cemilan
AP042,Cangkuning,204,2.8,7.5,31.4,0,0,0,0,0,0,0,0,0,0,0,0,0,Olahan,Serealia,Cemilan
AP043,Dodol bali,298,3.7,2.1,65.9,0.4,70,76,2.5,0,0,0,0,0,0.28,0,2.5,0,Olahan,Serealia,Cemilan
AP044,Dodol galamai,348,0.4,3.8,76.1,0.5,41,144,2.6,38,76,0.3,2.1,0,0.03,0.06,1.8,0,Olahan,Serealia,Cemilan
AP045,Dodol kedondong,331,1.9,7.6,63.8,1,90,55,2.3,0,0,0,0,0,0.11,0,0.8,5,Olahan,Serealia,Cemilan
AP046,Dodol manado,373,4.3,16.5,51.9,0.4,41,142,2.4,35,72,0.3,2.1,0,0.04,0.06,2.1,0,Olahan,Serealia,Cemilan
AP047,Emping beras,403,10.6,2.2,85.3,0.2,11,240,0.3,1,113,0.3,2.4,0,0,0.16,0,0,Olahan,Serealia,Cemilan
AP048,Gemblong,274,1.7,5.4,55.5,2.2,69,55,3.3,0,0,0,0,0,0,0,0,0,Olahan,Serealia,Cemilan
AP049,Gendar goreng,407,6.4,28.2,32,0.1,216,62,1.6,0,0,0,0,0,0.16,0,0.6,0,Olahan,Serealia,Cemilan
AP050,Intip goreng,474,7.6,21.6,62.3,1.2,36,64,2.5,0,38,0.05,0.5,0,0.25,0.03,0.8,0,Olahan,Serealia,Cemilan
AP051,Jagung gerontol,156,2.7,1.3,33.3,1,51,105,1.2,0,0,0,0,0,0.08,0,0,0,Olahan,Serealia,Cemilan
AP052,Jagung titi,374,9.4,2.2,79.1,0.8,14,142,2.9,0,0,9,0,0,0.2,0,0,0,Olahan,Serealia,Cemilan
AP053,Japilus,500,1.2,25.1,67.3,0.4,186,29,4.9,0,0,0,0,0,0.17,0.03,0.4,0,Olahan,Serealia,Cemilan
AP054,Kakicak,296,3.4,15.1,36.7,0,0,0,0,0,0,0,0,0,0,0,0,0,Olahan,Serealia,Cemilan
AP055,Kambose,164,3,2.4,32.6,4.3,16,36,0.7,0,32,0.1,1.6,0,0.1,0.1,0.4,0,Olahan,Serealia,Cemilan
AP056,Kapusa,158,4.4,3.2,27.8,5.3,79,115,1.2,104,149,0.5,1.1,0,0.06,0.05,0.1,0,Olahan,Serealia,Cemilan
AP057,Keddo bodong,290,4.6,5.7,55.2,0,0,0,0,0,0,0,0,0,0,0,0,0,Olahan,Serealia,Cemilan
AP058,"Kelepon, kue",215,3.7,3.7,41.8,1,232,45,3.3,0,0,0,0,0,0.09,0.07,0.2,0,Olahan,Serealia,Cemilan
AP062,Koya,366,4.2,4.3,77.5,0.8,153,222,7,0,0,0,0,0,0,0,0,0,Olahan,Serealia,Cemilan
AP063,Koya mirasa,370,8,1,82.2,0.4,83,110,17,0,0,0,0,3,0.19,0.45,2.6,0,Olahan,Serealia,Cemilan
AP064,Koyabu,241,3.4,4.3,47.2,0,0,0,0,0,0,0,0,0,0,0,0,0,Olahan,Serealia,Cemilan
AP065,Kue ali,440,3.8,18.5,64.5,0.3,27,47,2.5,0,0,0,0,0,0.13,0.09,0,0,Olahan,Serealia,Cemilan
AP067,Kue gelang,448,5.8,16.1,70,0,0,0,0,0,0,0,0,0,0,0,0,0,Olahan,Serealia,Cemilan
AP068,Kue jahe,425,1.6,8.8,84.6,1.2,155,61,4,0,0,0,0,0,0.2,0,0,0,Olahan,Serealia,Cemilan
AP070,Kue koa,340,4.8,0.4,79.3,0,0,0,0,0,0,0,0,0,0,0,0,0,Olahan,Serealia,Cemilan
AP071,Kue ku temu,214,3.5,0.2,49.6,0,0,0,0,0,0,0,0,0,0,0,0,0,Olahan,Serealia,Cemilan
AP072,Kue lumpur,291,3.6,11.1,44.1,0,96,60,2.3,0,0,0,0,20,0.24,0,0,0,Olahan,Serealia,Cemilan
AP073,Kue pelita,141,5.3,5.5,17.6,0,0,0,0,0,0,0,0,0,0,0,0,0,Olahan,Serealia,Cemilan
AP074,Kue putu cangkir,304,5.3,7,54.9,0.9,18,193,4,0,0,0,0,0,0.06,0,0,0,Olahan,Serealia,Cemilan
AP075,Kue sus,221,7.5,10.2,24.8,0,105,85,2.5,0,0,0,0,26,0.12,0,0,0,Olahan,Serealia,Cemilan
AP076,Kue thipan,247,2.9,4.2,49.5,0,16,107,1.8,95,56,1.3,0.8,0,0.17,0,0,0,Olahan,Serealia,Cemilan
AP078,Lapis legit,389,6.6,15.7,55.5,0.5,16,136,1.9,0,0,0,0,41,0.26,0.09,3,0,Olahan,Serealia,Cemilan
AP079,Lupis ketan,164,1.8,2.1,34.5,0.7,119,31,1.5,0,0,0,0,0,0.09,0,0.2,0,Olahan,Serealia,Cemilan
AP081,Martabak india,153,4.5,4.2,24.3,0,14,108,2.4,240,112,0.4,0.5,0,0,0,0,0,Olahan,Serealia,Cemilan
AP082,Martabak mesir,278,5.1,8.6,45,0,49,168,3.4,193,123,0.2,0.9,0,0,0,0,0,Olahan,Serealia,Cemilan
AP093,Nopia spesial,387,5.3,7.6,74.3,0.3,903,133,4.2,0,0,0,0,0,0.17,0,0,0,Olahan,Serealia,Cemilan
AP094,Onde-onde,336,4,9.8,57.9,0,0,0,0,0,0,0,0,0,0,0,0,0,Olahan,Serealia,Cemilan
AP095,Padamaran,171,3.9,8.9,18.8,0,0,0,0,0,0,0,0,0,0,0,0,0,Olahan,Serealia,Cemilan
AP096,Pastel,307,4.5,13.3,42.4,0,296,53,2.5,0,0,0,0,0,0.15,0,0,0,Olahan,Serealia,Cemilan
AP097,Pulut,216,2.6,3.1,44.4,0,6,70,3.8,100,22,0.4,1.3,0,0.14,0,0,0,Olahan,Serealia,Cemilan
AP100,Putri selat,163,2.2,6.5,23.8,0,72,3,4,6,68,0,0,0,0,0,0,0,Olahan,Serealia,Cemilan
AP101,Putu sopa,215,3.3,4.1,41.1,0,0,0,0,0,0,0,0,0,0,0,0,0,Olahan,Serealia,Cemilan
AP105,Sarimuka,166,2.3,2.8,32.9,0,36,13,2,3,34,0,0,0,0,0,0,0,Olahan,Serealia,Cemilan
AP107,Srikaya ketan,265,2.7,6.4,49.1,0,0,0,0,0,0,0,0,0,0,0,0,0,Olahan,Serealia,Cemilan
AP108,Sunduk lawang,181,1.9,1.3,32.4,0,0,0,0,0,0,0,0,0,0,0,0,0,Olahan,Serealia,Cemilan
AP109,Suwir-suwir,347,0.5,0.9,84.2,0.8,42,40,4.3,0,0,0,0,1,0.13,0,0.9,0,Olahan,Serealia,Cemilan
AP110,Tipa-tipa,355,6.2,1.2,79.8,1.3,17,328,1.6,0,0,0,0,0,0.26,0.04,1.5,0,Olahan,Serealia,Cemilan
AP111,Wajit camilan,303,6.3,2.7,63.3,6.9,61,302,5.5,0,0,0,0,0,0.03,0,0,0,Olahan,Serealia,Cemilan
AP113,Wingko babat,355,3.2,15.1,51.4,2.4,47,63,1.1,0,0,0,0,0,0.08,0.08,0,0,Olahan,Serealia,Cemilan
AP114,Yangko,254,3,1.1,58.1,0.8,184,24,2.6,0,0,0,0,0,0.15,0,0,0,Olahan,Serealia,Cemilan
AP99,Putri hijau,189,5.4,2.1,37.2,0,0,0,0,0,0,0,0,0,0,0,0,0,Olahan,Serealia,Cemilan
AP033,Baruasa,417,6.5,8.2,79.3,0,0,0,0,0,0,0,0,0,0,0,0,0,Olahan,Serealia,Cemilan
AP066,Kue bangen,442,3.3,14.7,74.2,0,0,0,0,0,0,0,0,0,0,0,0,0,Olahan,Serealia,Cemilan
AP102,Renggi goreng,471,4.7,21.8,64.1,6.4,4,80,1.1,126,29,0.9,1.3,0,0.53,0.05,8.2,0,Olahan,Serealia,Cemilan
JP001,Es krim,210,4,12.5,20.6,0,123,99,0.1,78,193.4,0,0.7,158,0.04,0.23,0.1,1,Olahan,Susu,Cemilan
BP002,"Batatas kelapa, ubi, kukus",92,1.2,0.3,21,4.1,0,42,0.2,10,209,0.2,0.3,0,0.28,0,0.7,0,Olahan,Umbi,Cemilan
BP003,"Batatas tali, ubi, rebus",182,2.4,0.4,42.2,9.2,1,80,0.3,20,402,0.3,0.6,0,0.27,0,1.3,0,Olahan,Umbi,Cemilan
BP004,"Belitung, talas, kukus",145,1.2,0.4,34.2,1,21,48,0.9,7,552.6,0.2,0.9,0,0.08,0.1,2.3,1,Olahan,Umbi,Cemilan
BP005,"Bentul, talas, kukus",71,2.3,0.3,15.4,0.5,29,26,0.6,0,201,0.2,0.6,0,0.06,0,0,21,Olahan,Umbi,Cemilan
BP006,"Gadung, ubi, kukus",88,0.6,0.3,20.9,0.9,26,47,0.4,6,584,0.2,0.2,0,0.03,0,0.4,0,Olahan,Umbi,Cemilan
BP007,"Ganyong, rebus",100,0.8,0.2,23.8,0.9,15,65,0.9,0,0,0,0,0,0.04,0,0,6,Olahan,Umbi,Cemilan
BP008,Ketela pohon/singkong kukus,153,1.2,0.3,36.4,1.3,56,22,0.4,2,345.3,0.3,0.1,0,0,0,0.3,20,Olahan,Umbi,Cemilan
BP009,"Suweg, talas, kukus",93,1.5,0.1,21.9,0.9,50,58,0.8,6,350.3,0.1,0.1,0,0.09,0,0.3,0,Olahan,Umbi,Cemilan
BP010,"Talas bogor, kukus",120,1.5,0.3,28.2,0.7,31,63,0.7,11,498,0.2,0.6,0,0.05,0.6,0.8,2,Olahan,Umbi,Cemilan
BP011,"Ubi jalar, kuning, kukus",100,0.7,0.3,23.8,1,44,46,0.4,3,0.8,0.1,0.2,0,0,0.1,0.6,16,Olahan,Umbi,Cemilan
BP012,Ubi jalar tinta/ kemayung kukus,165,0.9,0.2,39.8,1.1,20,23,0.8,1,0.9,0.1,0.2,0,0.02,0.1,0.5,0,Olahan,Umbi,Cemilan
BP013,Bagea kelapa asin,450,3.2,13.9,78.1,0,38,38,0.3,74,0,0.2,0.2,0,0.3,0,0,0,Olahan,Umbi,Cemilan
BP014,Bagea kelapa manis,452,1.3,13.8,80.6,0,38,39,0.3,75,0,0.2,0.2,0,0,0,0,0,Olahan,Umbi,Cemilan
BP015,Bagea kenari asin,529,3.2,29.1,63.6,0,38,40,0.4,74,0,0.2,0.2,0,0.3,0,0,0,Olahan,Umbi,Cemilan
BP016,Bagea kenari manis,523,3.2,28.2,64.2,0,38,39,0.3,74,0,0.2,0.2,0,0.3,0,0,0,Olahan,Umbi,Cemilan
BP017,Bagea kw 1,416,6.5,9.4,76.3,0.4,49,77,4.9,0,0,0,0,13,0.08,0,2.6,0,Olahan,Umbi,Cemilan
BP018,Bagea kw 2,382,0.3,3.5,87.2,0.9,172,120,7.6,0,0,0,0,0,0.02,0,0,0,Olahan,Umbi,Cemilan
BP022,Biji nangka/Biji salak,262,2.3,5.4,51.1,8,60,80,0.8,10,2,0.6,2,0,0.1,1,0,10,Olahan,Umbi,Cemilan
BP025,Ceriping getuk singkong,462,1.2,20.7,67.7,0.6,1248,172,8.8,0,0,0,0,0,0.29,0.02,0.5,0,Olahan,Umbi,Cemilan
BP027,Geblek,195,0.4,1.7,44.4,3.6,35,13,0.6,353,125,0.3,0.3,0,0.02,0,0.1,0.2,Olahan,Umbi,Cemilan
BP028,Getuk goreng,360,1.3,6.4,74.3,0.8,59,81,3.2,0,0,0,0,0,0.21,0,0.1,0,Olahan,Umbi,Cemilan
BP029,Getuk singkong,204,0.5,1.4,47.4,0.8,97,52,1.5,0,0,0,0,0,0.08,0,0.1,0,Olahan,Umbi,Cemilan
BP030,Gurandil,218,0.5,2.5,48.5,3.1,50,25,2.8,0,0,0,0,0,0.19,0,0,0,Olahan,Umbi,Cemilan
BP031,Kabuto,250,2.6,2.5,35.4,1.8,35,49,1.1,2,218,0,0,0,0.1,0.1,0.6,0,Olahan,Umbi,Cemilan
BP032,Kapurung,41,2,0.3,7.8,2,34,12,0.3,185,566,0.1,0.3,0,0.12,0.25,2.7,15,Olahan,Umbi,Cemilan
BP033,Kecimpring singkong goreng,464,1.2,18.6,73,1.3,82,52,3.4,0,0,0,0,0,0.34,0,0,0,Olahan,Umbi,Cemilan
BP034,Keremes,475,1.6,25.2,64.4,2.1,153,88,1,0,0,0,0,0,0,0,0,0,Olahan,Umbi,Cemilan
BP035,Keripik gadung,446,2.8,14.5,76,1.7,147,52,1.9,0,0,0,0,0,0.95,0,0,0,Olahan,Umbi,Cemilan
BP036,Keripik kentang,448,2.7,18.8,67.1,3.8,25,130,1.2,712,406,1.1,0,0,0.1,0.05,2.8,0,Olahan,Umbi,Cemilan
BP037,Keripik singkong,478,0.9,20.7,72,2,189,101,1.9,0,0,0,0,0,0.24,0,0,0,Olahan,Umbi,Cemilan
BP038,Keripik singkong berbumbu,481,2.2,19.7,73.6,1.6,156,103,1.6,0,0,0,0,0,0.31,0,0,0,Olahan,Umbi,Cemilan
BP039,Keripik ubi,486,0.2,23.9,67.6,14.3,68,92,0.9,52,2,0.7,2.3,0,0.1,0.1,0.5,0,Olahan,Umbi,Cemilan
BP040,Kerupuk cumi goreng,444,6.9,14.6,71.3,5,47,375,1.8,837,191,0.1,0.3,0,0.4,0.1,1.8,0,Olahan,Umbi,Cemilan
BP042,Kerupuk kemplang goreng,504,5.6,28.1,57.1,0.3,50,94,2.9,0,0,0,0,6,0.31,0,0,0,Olahan,Umbi,Cemilan
BP043,Kerupuk kemplang panggang,356,9.7,1.1,76.9,1,62,129,2.9,0,0,0,0,7,0.36,0,0,0,Olahan,Umbi,Cemilan
BP044,Kerupuk mie kuning goreng,476,0.1,21.1,71.3,4.2,57,36,4.6,0,109,0.1,0.2,0,0.22,0,0.9,0,Olahan,Umbi,Cemilan
BP045,Kerupuk udang goreng,477,4.7,20.5,68.5,5,24,188,0.9,449,109,0.1,0.2,0,0.2,0,0.9,0,Olahan,Umbi,Cemilan
BP047,Kue putu singkong,217,1.2,0.5,53.2,2.4,48,68,1.5,3,305,0,0,0,0.1,0.1,0.8,0,Olahan,Umbi,Cemilan
BP048,Lanting getuk,422,0.9,10.8,80.4,1.4,206,104,3.6,0,0,0,0,0,0.43,0,0,0,Olahan,Umbi,Cemilan
BP049,Mi golosor,71,0.2,0.8,15.9,0.1,117,5,0.2,0,0,0,0,0,0.05,0.02,0,0,Olahan,Umbi,Cemilan
BP052,Ongol-ongol sagu,111,0.3,2.7,21.2,0.3,79,15,1.7,0,0,0,0,0,0.06,0,0,0,Olahan,Umbi,Cemilan
BP053,Oyek,351,0.9,0.9,84.9,4.3,60,36,2.1,5,229,0.1,0.5,0,0.02,0.02,0.5,0.2,Olahan,Umbi,Cemilan
BP054,Papeda,61,0.2,0.1,14.9,0.5,3,1,0.2,4,20,0.1,0.1,0,0.06,0,0,0,Olahan,Umbi,Cemilan
BP062,Serimping talas kebumen,478,2.5,21.2,69.2,1.7,112,118,2.3,0,0,0,0,0,0.25,0,0,0,Olahan,Umbi,Cemilan
BP073,Tiwul,353,2.4,1.1,83.4,6.5,55,95,4.7,5,670,0.2,0.8,0,0.02,0.02,0.1,3,Olahan,Umbi,Cemilan
BP074,Tiwul Instan,395,3.2,8.5,76.5,4.2,81,81,5.8,377,469,2.1,1.2,0,0.4,0.2,0.2,4,Olahan,Umbi,Cemilan
BP075,Ubi Cilembu,186,1.9,0.2,44.3,3.4,37,51,0.6,62,61.9,0.1,0.2,0,0.02,0.2,0,0.3,Olahan,Umbi,Cemilan
BP076,Uli batatas,150,1.1,4,27.4,0,0,23,0.1,6,112,0.1,0.2,0,0.53,0,1.3,0,Olahan,Umbi,Cemilan
BR017,Lepok/Ubi rumput,181,2.8,1.2,39.8,10.7,7,50,3.1,116,306,1.6,0.9,0,0.28,0.05,1.5,0,Tunggal,Umbi,Cemilan
BR032,Ubi jalar tinta/ kemayung,108,0.5,0.4,25.6,4.2,30,40,0.5,1,1,0.1,0.2,0,0.09,0.06,0.6,24,Tunggal,Umbi,Cemilan
BP060,Sagu Rendang,364,0.1,0.2,90.5,1.9,13,9,3.9,42,15.1,0.1,0.1,0,0.02,0.6,0.8,0.2,Olahan,Umbi,Cemilan
BP058,Sagu Lemak (Kue Sagon),452,2.8,14.8,76.8,1.1,15,39,1.1,182,52.7,0.04,0.8,0,0.32,0.04,0.1,0.2,Olahan,Umbi,Cemilan
BP026,Gatot,347,1.3,0.7,83.8,5.8,78,44,17.1,28,242,0.2,0.7,0,0.02,0.1,0.4,0.2,Olahan,Umbi,Cemilan
BP046,Kue bangket,338,1.5,1.2,80.3,0,34,35,0.3,67,0,0.2,0.2,0,0.3,0,0,0,Olahan,Umbi,Cemilan
BR021,Sagu lempeng,347,0.9,0.3,85.2,4.7,30,30,0.2,11,0,0.1,0.1,0,0.3,0,0,0,Tunggal,Umbi,Cemilan
CP035,Kacang tanah sari,561,25.5,43.8,26,2.2,50,324,3.1,0,0,0,0,0,0.08,0,0,0,Olahan,Kacang,Cemilan
CP036,Keju kacang tanah (peanut butter),590,27,49,20.9,1.6,60,360,2,355,492.4,0.57,2.7,0,0.3,0.2,16.2,0,Olahan,Kacang,Cemilan
CP032,Kacang goyang,516,14.7,31.1,44.4,0,34,230,0.7,2,365,0.6,1.7,0,0,0,0,0,Olahan,Kacang,Cemilan
AP069,Kue kelapa,591,5.6,42.1,47.5,0,32,180,1.6,33,443,0.5,1.1,0,0,0,0,0,Olahan,Serealia,Cemilan
AP059,Kereput,580,4.8,39.6,51.1,0,0,0,0,0,0,0,0,0,0,0,0,0,Olahan,Serealia,Cemilan
BP024,Cassavastick,460,0.8,18.7,17.2,1.6,144,58,7.5,0,0,0,0,0,0.19,0.07,0.1,0,Olahan,Umbi,Cemilan
BP001,"Batatas kelapa, ubi, bakar",110,1.4,1.1,23.4,4.5,1,46,0.2,12,230,0.2,0.3,0,1.13,0,0,0,Olahan,Umbi,Cemilan
FP071,"Sop kambing, masakan",34,5.5,0.8,1.1,0,145,37,1.6,348,0,0,0,48,0.57,0,0,0,Olahan,Daging,Makan Malam
FP078,"Soto kudus, masakan",38,2.6,2.3,1.8,0.2,237,67,1.7,0,0,0,0,23,0.06,0,0.5,0,Olahan,Daging,Makan Malam
DR023,"Daun gedi besar, segar",58,2.9,0.7,10,3.3,440,100,1.9,30,40,0.2,2.1,0,0.4,0.5,2.8,11,Tunggal,Sayur,Makan Malam
DR042,"Daun kol sawi, segar",22,2.1,0.5,3.6,0.9,200,92,3.2,19,386.2,0.1,0.2,0,0.03,0.2,0.6,3,Tunggal,Sayur,Makan Malam
DR046,"Daun labu siam, segar",34,4,0.4,4.7,3.5,58,70,2.5,16,630.7,0.2,0.3,0,0.08,0.4,1.7,16,Tunggal,Sayur,Makan Malam
DR047,"Daun labu waluh/kuning, segar",34,3.6,0.6,4.5,2.9,138,99,3.7,16,630.7,0.2,0.3,0,0.14,0.2,1.3,36,Tunggal,Sayur,Makan Malam
DR049,"Daun leilem, segar",76,2.8,0.2,15.8,3.1,296,22,3.4,6,46,0.5,1.1,0,0.3,0.1,2.5,22,Tunggal,Sayur,Makan Malam
DR051,"Daun lobak, segar",30,2.3,0.4,5.8,3.2,140,33,3.7,16,747.4,0.2,0.2,0,0.07,1.1,6.5,109,Tunggal,Sayur,Makan Malam
DR058,"Daun oyong, segar",22,1,0.1,5.3,2,21,44,2,40,295.5,0.1,0.2,0,0.08,0.1,0.8,150,Tunggal,Sayur,Makan Malam
DR062,"Daun paku, segar",29,3.4,0.1,6.5,4.3,13,88,1.3,19,434,0.5,0.7,0,0.2,0.1,11.7,10,Tunggal,Sayur,Makan Malam
DR063,"Daun pangi,segar",104,3.9,0.6,17.9,8.3,256,22,1.8,4,266,1.7,0.5,0,0.4,0.1,0.1,23,Tunggal,Sayur,Makan Malam
DR064,"Daun pare, segar",49,2.7,1,8.4,3,217,70,3.3,7,498,0.4,1.2,0,0.4,0.2,0.6,7,Tunggal,Sayur,Makan Malam
DR065,"Daun pepaya, segar",87,8,2,11.9,1.5,353,63,0.8,4,926.6,0.2,1.5,0,0.15,0.5,1.9,140,Tunggal,Sayur,Makan Malam
BR029,"Ubi jalar manis, segar",83,1.5,0.2,18.8,0.6,27,162,2.1,52,320.7,0.1,0.3,0,0.02,0,0.4,0,Tunggal,Umbi,Makan Malam
BR033,"Umbi Uwi, segar",120,2.8,0.5,82.3,2.6,9,42,1.3,412,412,0.3,0.6,0,0.02,0.5,0.2,4,Tunggal,Umbi,Makan Malam
FP004,"Buaya, daging, dendeng, mentah",365,49.6,4.8,30.8,0,60,130,4.3,500,680,0.2,11.6,0,0,0,0.2,0,Olahan,Daging,Makan Malam
FP006,"Itik alabio, daging, dendeng, mentah",496,30.3,33.5,18.4,0,135,370,12.5,1081,478,0.7,0.3,0,0,0,0,0,Olahan,Daging,Makan Malam
FP008,"Menjangan, daging, dendeng, mentah",322,55.8,2,22.7,0,55,310,2.1,765,1282,1.7,3.2,3391,0,0,0,0,Olahan,Daging,Makan Malam
FP010,"Rusa, daging, dendeng, mentah",536,40.5,41.5,0,0,90,420,13.4,130,690,0.3,10.7,285,0,0,0.2,0,Olahan,Daging,Makan Malam
FP014,"Sapi, daging, dendeng, mentah",301,55,9,0,0,30,370,5.1,0,0,0,0,0,0.1,0,0,0,Olahan,Daging,Makan Malam
FP018,"Sapi, paru, dendeng, mentah",360,57.3,6,19.2,0,126,903,21.1,1483,864,1.2,6.1,2827,0,0,0,0,Olahan,Daging,Makan Malam
FR001,"Anak sapi, daging, gemuk, segar",184,18.8,14,0,0,10,200,2.2,118,490.1,0.17,5.8,12,0.13,0.17,7,0,Tunggal,Daging,Makan Malam
FR002,"Anak sapi, daging, kurus, segar",174,19.6,10,0,0,11,201,2.9,96,399.8,0.14,4.8,6,0.08,0.14,5.7,0,Tunggal,Daging,Makan Malam
FR003,"Anak sapi, daging, sedang, segar",190,19.1,12,0,0,11,193,2.9,99,412.7,0.14,4.9,12,0.14,0.15,5.9,0,Tunggal,Daging,Makan Malam
FR004,"Angsa, daging, segar",349,16.4,31.5,0,0,15,188,1.8,71,299.2,0.26,1.7,273,0.1,0.24,7.1,0,Tunggal,Daging,Makan Malam
FR005,"Ayam, daging, segar",298,18.2,25,0,0,14,200,1.5,109,385.9,0.11,2,245,0.08,0.14,10.4,0,Tunggal,Daging,Makan Malam
FR006,"Ayam, dideh/darah, segar",75,13.8,1.9,0.7,0,15,9,1.3,337,234,0,0,15,0.02,0,0.6,0,Tunggal,Daging,Makan Malam
FR007,"Ayam, hati, segar",261,27.4,16.1,1.6,0,118,373,15.8,1068,22.9,0.84,0,4957,0.64,4.38,4.1,0,Tunggal,Daging,Makan Malam
FR008,"Babi, daging, gemuk,segar",453,11.9,45,0,0,7,117,1.8,112,819.3,0.22,0.4,0,0.58,0.59,5.9,0,Tunggal,Daging,Makan Malam
FR009,"Babi, daging, kurus, segar",371,14.1,35,0,0,8,151,2.1,97,706.3,0.19,0.4,0,0.67,0.33,5.4,0,Tunggal,Daging,Makan Malam
FR011,"Babi, hati, segar",129,19.7,4.8,1.7,0,10,362,18,110,447,0.58,0.1,4303,0.4,1.16,5.7,23,Tunggal,Daging,Makan Malam
FR012,"Bebek (itik), daging, segar",321,16,28.6,0,0,15,188,1.8,54,199,0.21,1.2,273,0.1,0.28,4.3,0,Tunggal,Daging,Makan Malam
FR013,"Bebek alabio, daging, segar",303,11.3,27,3.7,0,20,293,4.8,50,260,0.7,2,0,0.36,0.04,4.1,0,Tunggal,Daging,Makan Malam
FR014,"Belibis, daging, segar",131,20.2,4.3,2.8,0,8,192,9.6,46,104,1.2,1.6,0,0.37,0.08,2.7,0,Tunggal,Daging,Makan Malam
FR016,"Domba, daging, gemuk, segar",317,15.7,27.7,0,0,9,157,2.4,64,242.1,0.11,3.7,0,0.14,0.23,6.5,0,Tunggal,Daging,Makan Malam
FR017,"Domba, daging, kurus, segar",202,17.1,14.8,0,0,10,191,2.6,90,355,0.08,2.8,0,0.15,0.26,5.7,0,Tunggal,Daging,Makan Malam
FR018,"Domba, ginjal, segar",100,16.6,3.3,1,0,13,237,9.2,167,296.1,0.48,2.4,348,0.51,2.35,8,13,Tunggal,Daging,Makan Malam
FR019,"Kambing, daging, segar",149,16.6,9.2,0,0,11,124,1,96,268.7,0.31,4.9,0,0.09,0.23,5,0,Tunggal,Daging,Makan Malam
FR020,"Kelinci, daging, segar",142,16.9,7.8,0,0,7,350,1,49,371.1,0,0,0,0.11,0.11,6.8,0,Tunggal,Daging,Makan Malam
FR021,"Kerbau, daging, segar",79,18.7,0.5,0,0,14,221,3.3,91,273,0.13,1.6,0,0.06,0.17,5,0,Tunggal,Daging,Makan Malam
FR022,"Kuda, daging, segar",113,18.1,4.1,0.9,0,10,150,2.7,46,315.7,0.13,2.5,0,0.07,0.07,3,0,Tunggal,Daging,Makan Malam
FR023,"Sapi, babat, segar",108,17.6,4.2,0,0,12,144,1,147,101.4,0.11,2.2,0,0.15,0.17,1.7,0,Tunggal,Daging,Makan Malam
FR024,"Sapi, daging, gemuk, segar",273,17.5,22,0,0,10,150,2.6,93,267,0.17,6.4,12,0.08,0.18,7.3,0,Tunggal,Daging,Makan Malam
FR025,"Sapi, daging, kurus, segar",174,19.6,10,0,0,11,181,2.9,83,489,0.07,4.9,6,0.07,0.51,1.2,0,Tunggal,Daging,Makan Malam
FR026,"Sapi, daging, lemak sedang, segar",201,18.8,14,0,0,11,170,2.8,105,378,4.58,5.2,9,0.08,0.56,1.3,0,Tunggal,Daging,Makan Malam
FR027,"Sapi, daleman, segar",183,12,14.4,1.4,0,43,319,1.8,277,160,0.1,0.8,0,0.31,0.22,8.5,0,Tunggal,Daging,Makan Malam
FR029,"Sapi, ginjal, segar",137,15,8.1,0.9,0,9,221,7.9,200,230.2,0,0,348,0.37,1.22,6.1,13,Tunggal,Daging,Makan Malam
FR030,"Sapi, keleponan, segar",84,10.5,4.6,0.2,0,20,13,2.1,73,318,0.2,1.7,857,0.1,0.14,0.3,0,Tunggal,Daging,Makan Malam
FR031,"Sapi, liver, segar",132,19.7,3.2,6,0,7,358,6.6,110,213,0.51,2.3,13303,0.26,1.52,11.4,31,Tunggal,Daging,Makan Malam
FR032,"Sapi, otak, segar",123,10.4,8.6,0.8,0,16,330,3.6,112,243.8,0.26,0.9,0,0.23,0.19,3.9,18,Tunggal,Daging,Makan Malam
FR033,"Sapi, usus, segar",126,14,7.2,1.5,0,14,115,4,0,0,0,0,61,0.08,0.33,0.2,0,Tunggal,Daging,Makan Malam
FR028,"Sapi, dideh/darah",98,21.9,1.1,0,0,7,24,1.3,150,170,0,0.2,15,0.01,0.03,0.9,0,Tunggal,Daging,Makan Malam
GP008,"Ikan cakalang asap, mentah",204,34.2,5.6,1.9,0,14,399,1.3,176,588,0.3,0.7,1546,0.53,0.07,0,0,Olahan,Ikan dsb,Makan Malam
GP009,"Ikan cakalang asin, mentah",198,36.5,2.2,5.5,0,236,346,3.7,4304,302.1,0,0,0,0.06,0,0,0,Olahan,Ikan dsb,Makan Malam
GP010,"Ikan calo/ peda, mentah",81,11.4,1.9,3.8,0,743,174,22.6,0,0,0,0,15,0,0,0,0,Olahan,Ikan dsb,Makan Malam
GP011,"Ikan Gabus asap, mentah",261,38.1,2.3,21.9,0,251,184,2.9,320,410,0.4,0.8,114,0.1,0.1,14.5,0,Olahan,Ikan dsb,Makan Malam
GP018,"Ikan lomak asin, mentah",258,40.3,2.3,18.9,0,140,279,2.3,6227,485.1,2.3,0,0,0.1,0.3,6,0,Olahan,Ikan dsb,Makan Malam
GP025,"Ikan peda banjar, mentah",156,28,4,2,0,174,316,3.1,59,368.8,0,0.5,33,0.1,0.1,4.7,0,Olahan,Ikan dsb,Makan Malam
GP026,"Ikan pepetek, mentah",176,32,4.4,2,0,120,200,1,79,1,0,0,15,0.05,0.1,2.4,0,Olahan,Ikan dsb,Makan Malam
GP028,"Ikan Pindang benggol, mentah",170,31,4.2,0,0,50,100,1,0,0,0,0,45,0.1,0,0,0,Olahan,Ikan dsb,Makan Malam
GP029,"Ikan Pindang layang, mentah",153,30,2.8,0,0,60,200,3,0,0,0,0,61,0.07,0,0,0,Olahan,Ikan dsb,Makan Malam
GP030,"Ikan Pindang selar, mentah",142,27,3,0,0,60,200,3,0,0,0,0,61,0.07,0,0,0,Olahan,Ikan dsb,Makan Malam
GP032,"Ikan saluang, kering, mentah",284,34.1,9.9,14.6,0,1426,1103,9.5,1767,263,1.3,18.7,0,0.49,0.03,0,0,Olahan,Ikan dsb,Makan Malam
GP034,"Ikan selar kuning, cue, mentah",138,27,3.3,0,0,50,100,2,0,0,0,0,45,0.1,0,0,0,Olahan,Ikan dsb,Makan Malam
GP035,"Ikan selar, kering, mentah",194,38,3.5,0,0,20,200,1,0,0,0,0,0,0.01,0,0,0,Olahan,Ikan dsb,Makan Malam
GP037,"Ikan sunu, asin, mentah",199,34.1,3.8,7.1,0,94,92,2.2,377,57,0.1,3.2,2481,1.5,0.13,7.2,0,Olahan,Ikan dsb,Makan Malam
GP039,"Ikan Teri nasi, kering, mentah",144,32.5,0.6,0,0,1,1,3,312,0,0,0,61,0.1,0,0,0,Olahan,Ikan dsb,Makan Malam
GP040,"Ikan Teri, bubuk, mentah",277,60,2.3,1.8,0,1209,1225,3,0,0,0,0,90,0.1,0,0,0,Olahan,Ikan dsb,Makan Malam
GP042,"Ikan Teri, kering, tawar, mentah",331,68.7,4.2,0,0,2381,15,23.4,0,0,0,0,61,0.1,0,0,0,Olahan,Ikan dsb,Makan Malam
GP043,"Ikan Teri, tepung, mentah",347,48.8,6.4,19.6,0,4608,12,18.6,0,0,0,0,61,1.12,0,0,0,Olahan,Ikan dsb,Makan Malam
GP045,"Kerang, dendeng, mentah",357,41.1,10,25.6,0,217,904,5.2,0,0,0,0,0,0.27,0,0,0,Olahan,Ikan dsb,Makan Malam
GP047,"Rebung laut, mentah",320,7.2,4.2,63.3,0,240,570,6.6,20,1040,1.5,6.2,917,0,0,4.9,0,Olahan,Ikan dsb,Makan Malam
GP050,"Teripang, dendeng, mentah",462,39.1,32.4,3.5,0,499,616,96.4,315,402.5,0,0,2,1.37,0,5.3,0,Olahan,Ikan dsb,Makan Malam
GP052,"Udang papay, mentah",273,47.8,3.8,12.5,0,1109,789,2.4,651,802,2.6,10.8,0,0,0,0,0,Olahan,Ikan dsb,Makan Malam
GR001,"Ikan bader, segar",193,19,13,0,0,48,150,0.4,118,264.9,0.1,0.2,45,0.01,0.1,4.1,0,Tunggal,Ikan dsb,Makan Malam
GR002,"Ikan balong, segar",107,16.5,3.9,1.5,0,54,202,2,86,253.4,0.5,1,25,0.05,0.1,2.5,0,Tunggal,Ikan dsb,Makan Malam
GR003,"Ikan bambangan, segar",112,20,1.3,3.7,0,98,120,3,148,258.7,0,0.1,0,0.07,0,0.3,0,Tunggal,Ikan dsb,Makan Malam
GR004,"Ikan bandeng, segar",123,20,4.8,0,0,20,150,2,67,271.1,0,0.9,45,0.05,0.1,6,0,Tunggal,Ikan dsb,Makan Malam
GR005,"Ikan banjar, segar",111,19.4,0.9,4.8,0,68,278,7.3,99,338.7,0.2,0.6,0,0.03,0.2,7.3,0,Tunggal,Ikan dsb,Makan Malam
GR006,"Ikan baronang, segar",78,14.5,0.6,3.7,0,26,521,3.8,26,692,4.7,4.1,732,0.2,0.04,3,0,Tunggal,Ikan dsb,Makan Malam
GR007,"Ikan batung, segar",115,14.5,4.6,4.2,0,0,207,0,42,361,0.2,0.9,0,1.2,0.04,1.1,0,Tunggal,Ikan dsb,Makan Malam
GR008,"Ikan baung, segar",123,15.1,5.5,3.3,0,5,146,1.3,32,349,0.1,0.7,0,0.2,0.03,1.2,0,Tunggal,Ikan dsb,Makan Malam
GR009,"Ikan bawal, segar",91,19,1.7,0,0,20,150,2,129,233.3,0.1,0.3,45,0.05,0.1,1.8,0,Tunggal,Ikan dsb,Makan Malam
GR010,"Ikan Belida, segar",80,14.7,1.4,2.2,0,303,315,1.3,41,356,0,0.8,0,1.2,0.14,1.4,0,Tunggal,Ikan dsb,Makan Malam
GR011,"Belut, segar",70,14.6,0.8,1,0,49,155,1.5,55,169,0.2,1.2,0,0.22,0.12,7.7,0,Tunggal,Ikan dsb,Makan Malam
GR012,"Belut,laut, segar",93,12.8,1.5,6.1,0,60,199,3,33,175.9,0.1,1,51,0.06,0,2.7,0,Tunggal,Ikan dsb,Makan Malam
GR013,"Ikan beunteur, segar",109,17,4,0,0,500,500,1,109,323.5,0.6,1.3,45,0.05,0.1,2.6,0,Tunggal,Ikan dsb,Makan Malam
GR014,"Ikan biawan, segar",90,14.9,2.5,2.1,0,125,265,1,35,207,0.4,0.6,0,0.36,0.03,2.9,0,Tunggal,Ikan dsb,Makan Malam
GR015,"Ikan bili, segar",88,14.2,0.7,6.2,0,27,176,1.5,217,202,0,4.1,0,0.72,0.09,2.7,0,Tunggal,Ikan dsb,Makan Malam
GR016,"Ikan bubara, segar",100,14.7,2.4,4.9,0,90,90,0.4,390,390,0.7,0.8,0,0,0,0,0,Tunggal,Ikan dsb,Makan Malam
GR017,"Ikan bulan-bulan, segar",134,25.5,1.3,5,0,29,29,0.5,197,489,0.1,0.5,0,0.3,0.02,0.8,0,Tunggal,Ikan dsb,Makan Malam
GR018,"Ikan, cakalang, segar",107,19.6,0.7,5.5,0,23,242,2.9,66,239,0.2,0.6,386,0.17,0.05,21.7,0,Tunggal,Ikan dsb,Makan Malam
GR019,"Ikan cakalang, hati, segar",120,11.3,3.9,10,0,30,30,0.9,420,280,1.6,4.3,0,0,0,0.2,0,Tunggal,Ikan dsb,Makan Malam
GR020,"Ikan cakalang, jantung, segar",116,11.2,1.2,10.2,0,10,40,3.4,360,250,0.5,1.9,908,0,0,0.1,0,Tunggal,Ikan dsb,Makan Malam
GR021,"Ikan cakalang, perut, segar",86,10.2,1.1,8.7,0,20,110,2.1,230,210,0.3,9.3,0,0.24,0,0.3,0,Tunggal,Ikan dsb,Makan Malam
GR022,"Cumi-cumi, segar",75,16.1,0.7,0.1,0,32,200,1.8,37,204.1,1.6,1.3,0,0.08,0,2.5,0,Tunggal,Ikan dsb,Makan Malam
GR023,"Ikan daun, segar",101,11.5,4.1,4.6,0,80,210,0.8,120,270,0.1,0.9,0,0.08,0.07,0.1,0,Tunggal,Ikan dsb,Makan Malam
GR024,"Ikan ekor kuning, segar",108,22.3,1.2,2.1,0,30,220,0.5,50,230,0.1,0.6,40,0,0.1,0.2,0,Tunggal,Ikan dsb,Makan Malam
GR025,"Ikan gabus, segar",80,16.2,0.5,2.6,0,170,139,0.1,65,254,0.3,0.4,335,0.4,0.2,0.1,0,Tunggal,Ikan dsb,Makan Malam
GR026,"Ikan Heu, segar",81,10,1.6,6.6,0,191,990,2.1,240,210,0.1,2.7,0,0.87,0,0.2,0,Tunggal,Ikan dsb,Makan Malam
GR027,"Ikan hitam, segar",101,10.3,3.7,6.7,0,50,140,0.4,70,210,0,0.4,67,0,0.1,0.1,0,Tunggal,Ikan dsb,Makan Malam
GR028,"Ikan hiu, segar",57,10.7,0.3,2.2,0,75,206,2,0,0,0.02,0,0,0.05,0,0,0,Tunggal,Ikan dsb,Makan Malam
GR029,"Ikan kacangan, segar",77,15.6,0.9,1.6,0,94,170,1.7,0,0,0,0,18,0.07,0,0,0,Tunggal,Ikan dsb,Makan Malam
GR030,"Ikan kakap, segar",92,20,0.7,0,0,20,200,1,0,0,0,0,9,0.05,0,0,0,Tunggal,Ikan dsb,Makan Malam
GR031,"Ikan kakatua, segar",82,11.4,1.2,6.4,0,20,160,0.4,90,300,0.1,0.3,18,0,0,0.2,0,Tunggal,Ikan dsb,Makan Malam
GR032,"Ikan kalaban, segar",77,16.4,0.7,1.3,0,182,248,0.9,40,334,0.7,0.8,0,0.16,0.15,1.9,0,Tunggal,Ikan dsb,Makan Malam
GR033,"Ikan Kamera, segar",86,19.7,0.8,0,0,50,170,0.3,90,290,0.3,0.1,26,0,0.08,0.1,0,Tunggal,Ikan dsb,Makan Malam
GR034,"Ikan kapar, segar",132,17,6.7,0.8,0,151,272,1.2,78,229,0.9,0.7,0,0.07,0.03,0,0,Tunggal,Ikan dsb,Makan Malam
GR035,"Ikan kawalinya, segar",110,12.6,4.2,5.4,0,80,300,1.5,340,300,0.2,1.4,146,0,0,0.2,0,Tunggal,Ikan dsb,Makan Malam
GR036,"Ikan oci, kembung, segar",125,21.3,3.4,2.2,0,136,69,0.8,214,245,0.2,1.1,0,0.26,0.03,0.2,0,Tunggal,Ikan dsb,Makan Malam
GR037,"Keong, segar",64,12,1,2,0,217,78,1.7,231,9,0.37,0.1,0,0,0,0,0,Tunggal,Ikan dsb,Makan Malam
GR038,"Kepiting, segar",151,13.8,3.8,14.1,0,210,250,1.1,0,0,0,0,61,0.05,0,0,0,Tunggal,Ikan dsb,Makan Malam
GR039,"Kerang, segar",101,14.4,2.6,3.9,0,321,270,15.6,0,0,0,0,0,0.01,0,0,0,Tunggal,Ikan dsb,Makan Malam
GR040,"Ikan keru-keru, segar",93,16.5,2.1,0.8,0,65,217,2.4,137,255.3,0.34,0.7,0,0.01,0.09,1.6,0,Tunggal,Ikan dsb,Makan Malam
GR041,"Ikan kima, segar",70,10.8,0.7,5.2,0,53,72,2,342,101,0.5,0.5,401,0.22,0.05,5.8,0,Tunggal,Ikan dsb,Makan Malam
GR042,"Kodok, segar",73,16.4,0.3,0,0,18,147,1.1,0,0,0,0,0,0.14,0,0,0,Tunggal,Ikan dsb,Makan Malam
GR043,"Kura-kura, segar",83,19.1,0.2,0,0,27,87,0.7,0,0,0,0,0,0.2,0,0,0,Tunggal,Ikan dsb,Makan Malam
GR044,"Kuro, segar",87,16,2.2,1,0,75,136,1,0,0,0,0,6,0.04,0,0,0,Tunggal,Ikan dsb,Makan Malam
GR045,"Ikan lais, segar",161,11.9,11.5,2.4,0,70,237,0,0,0,0,0,0,0.05,0,0,0,Tunggal,Ikan dsb,Makan Malam
GR046,"Ikan layang, segar",109,22,1.7,0,0,50,150,2,0,0,0,0,45,0.05,0,0,0,Tunggal,Ikan dsb,Makan Malam
GR048,"Ikan lehoma, segar",90,20.4,0.9,0,0,88,270,0.7,56,281,0.3,0.9,1047,0.32,0.03,0.2,0,Tunggal,Ikan dsb,Makan Malam
GR049,"Ikan lemuru, segar",112,20,3,0,0,20,100,1,0,0,0,0,30,0.05,0,0,0,Tunggal,Ikan dsb,Makan Malam
GR050,"Ikan lidah, segar",104,15.6,3.2,2,0,30,143,2,0,0,0,0,33,0.03,0,0,0,Tunggal,Ikan dsb,Makan Malam
GR051,"Lokan, segar",217,11,1.7,5.1,0,20,390,10.9,3,7,0.2,2.7,0,0.45,0.07,0,0,Tunggal,Ikan dsb,Makan Malam
GR052,"Ikan malalugis, segar",99,20.6,1.4,0.9,0,164,330,0.5,76,282,0.2,0.9,661,0.3,0.02,0.5,0,Tunggal,Ikan dsb,Makan Malam
GR053,"Ikan mamar merah, segar",115,15.3,4,4.4,0,60,190,1.6,120,240,0.2,1,0,0.2,0.1,0.1,0,Tunggal,Ikan dsb,Makan Malam
GR054,"Ikan mas, segar",86,16,2,0,0,20,150,2,65,276.7,0.1,1.1,45,0.05,0.1,2.6,0,Tunggal,Ikan dsb,Makan Malam
GR055,"Ikan mayong, segar",97,17.9,2,0.4,0,40,100,2.5,0,0,0,0,21,0.1,0,0,0,Tunggal,Ikan dsb,Makan Malam
GR056,"Ikan mujahir, segar",89,18.7,1,0,0,96,209,1.5,51,265.8,0,0.2,6,0.03,0.1,2,0,Tunggal,Ikan dsb,Makan Malam
GR057,"Ikan nasu metti, segar",154,16.8,5,10.5,0,80,244,1.6,421,488,0.2,1.2,0,0.47,0.15,9.6,0,Tunggal,Ikan dsb,Makan Malam
GR058,"Ikan paling, segar",303,14,27,0,0,20,200,1,43,0,0,0,485,0.1,0,0,2,Tunggal,Ikan dsb,Makan Malam
GR059,"Ikan papuyu/ betok, segar",120,14.3,4.9,4.6,0,329,436,1.5,240,169,0.8,1.1,0,0,0.05,3.1,0,Tunggal,Ikan dsb,Makan Malam
GR060,"Ikan Patin, segar",132,17,6.6,1.1,0,31,173,1.6,77,346,0.7,0.8,0,0.2,0.03,1.7,0,Tunggal,Ikan dsb,Makan Malam
GR061,"Ikan pomo, segar",147,22.5,5.2,2.6,0,80,230,1.3,0,380,0.2,0.7,89,0,0,0,0,Tunggal,Ikan dsb,Makan Malam
GR062,"Ikan Puntin, segar",76,14.4,1.1,2.2,0,28,166,0,0,325,0.1,0.6,0,0.31,0.11,0,0,Tunggal,Ikan dsb,Makan Malam
GR063,"Rajungan, segar",76,12.1,2,2.4,0,721,214,2.2,69,192,1.7,2.9,599,0.2,0.25,0.2,0,Tunggal,Ikan dsb,Makan Malam
GR064,"Rebon, udang kecil, segar",81,16.2,1.2,0.7,0,757,292,2.2,169,202.9,0.7,1.2,18,0.04,0.1,2.4,0,Tunggal,Ikan dsb,Makan Malam
GR065,"Ikan saluang, segar",113,13.9,4.9,3.4,0,642,646,1.9,51,182,0.8,3.6,0,0.21,0.02,1.8,0,Tunggal,Ikan dsb,Makan Malam
GR066,"Ikan sarden, segar",109,19.9,1.8,3.4,0,95,597,1.3,266,227,0.3,2,195,0.26,0.03,4.4,0,Tunggal,Ikan dsb,Makan Malam
GR067,"Ikan selar, segar",100,18.8,2.2,0,0,40,179,0.5,43,392.6,0.1,0.3,45,0.37,0.2,3.4,0,Tunggal,Ikan dsb,Makan Malam
GR068,"Ikan sepat, segar",84,15.2,0.6,4.7,0,68,171,2.1,211,198,0.7,0.6,0,0.16,0.03,1.9,0,Tunggal,Ikan dsb,Makan Malam
GR069,"Ikan sidat, segar",81,11.4,1.9,3.8,0,118,174,3,46,245.9,0,1.5,15,0,0.4,3.2,0,Tunggal,Ikan dsb,Makan Malam
GR070,"Ikan sunu, segar",111,13.3,3.4,6.7,0,86,174,1.2,91,197,0,0.6,309,1.03,0.1,0.2,0,Tunggal,Ikan dsb,Makan Malam
GR071,"Ikan tahuman, segar",88,15.9,0.9,4.1,0,221,223,0,24,364,0.4,0.7,0,0.2,0.25,1.6,0,Tunggal,Ikan dsb,Makan Malam
GR072,"Ikan Sale, segar",534,40.2,39.3,4.9,2,199,1244,2.7,673,673,0.3,2.6,0,0.02,0.5,0,0.2,Tunggal,Ikan dsb,Makan Malam
GR073,"Ikan tarmon, segar",96,19.5,1.1,2,0,9,129,0.3,43,154,0.1,0.5,0,0.15,0.02,1.7,0,Tunggal,Ikan dsb,Makan Malam
GR074,"Ikan telan, segar",95,15.8,0.7,6.5,0,503,354,0.2,58,294,1.6,1.2,0,0.18,0.02,1.9,0,Tunggal,Ikan dsb,Makan Malam
GR075,"Ikan tembang, segar",204,16,15,0,0,20,200,2,341,291,0.4,2.6,30,0.05,0,5.6,0,Tunggal,Ikan dsb,Makan Malam
GR076,"Ikan tempahas, segar",101,15.1,4.1,1,0,32,163,0,50,320,0.7,0.6,0,0.02,0.05,1.5,0,Tunggal,Ikan dsb,Makan Malam
GR077,"Ikan terbang, segar",98,19.6,1.7,1,0,90,190,0.6,90,320,0.1,0.5,39,0,0.1,0.1,0,Tunggal,Ikan dsb,Makan Malam
GR078,"Ikan teri, segar",74,10.3,1.4,4.1,0,972,253,3.9,554,126.1,305.2,0.2,13,0.24,0.1,1.9,0,Tunggal,Ikan dsb,Makan Malam
GR079,"Ikan titang, segar",82,17.4,0.4,2.3,0,145,130,1.8,110,275,0.1,0.8,581,0.64,0.03,1.5,0,Tunggal,Ikan dsb,Makan Malam
GR080,"Ikan tongkol, segar",100,13.7,1.5,8,0,92,606,1.7,202,227,0.2,1.6,181,0.35,0.03,6.6,0,Tunggal,Ikan dsb,Makan Malam
GR081,"Ikan turi, segar",96,19.2,2,0.2,0,340,340,0.8,370,300,0.1,2,26,0,0,0,0,Tunggal,Ikan dsb,Makan Malam
GR082,"Udang, besar, segar",56,11.4,0.6,1.2,0,30,20,0.3,190,210,0.4,0.8,0,0.14,0,0.1,0,Tunggal,Ikan dsb,Makan Malam
GR083,"Udang galah, segar",81,16.5,0.3,3,0,87,167,0.7,95,132,0.7,1.2,0,0.24,0.03,2.9,0,Tunggal,Ikan dsb,Makan Malam
GR084,"Udang, segar",91,21,0.2,0.1,0,136,170,8,178,222.4,0.3,1.3,18,0.01,0.4,3.7,0,Tunggal,Ikan dsb,Makan Malam
GP012,"Ikan Gabus, kering",268,58,4,0,0,15,100,0.1,0,0,0,0,30,0.1,0,0,0,Olahan,Ikan dsb,Makan Malam
GP016,"Ikan kayu, kering",302,70.7,1.9,0.4,0,313,22,4.1,345,1045,0,1.8,0,1.4,0.04,20,0,Olahan,Ikan dsb,Makan Malam
DR055,"Daun melinjo, segar",104,5,1.3,21.3,10.3,219,82,4.2,12,604.8,0.4,0.6,0,0.09,0,0,182,Tunggal,Sayur,Makan Siang
DR057,"Daun ndusuk, segar",166,1.7,0.5,38.8,10.7,40,20,1.8,40,310,0.2,0.7,0,0.4,0.1,0.1,30,Tunggal,Sayur,Makan Siang
DR072,"Daun singkong ambon, segar",144,12.7,1.2,25.2,10.2,165,54,3.9,44,62.2,0.2,5.4,0,0.21,1,4.2,220,Tunggal,Sayur,Makan Siang
DR093,"Jengkol, segar",192,5.4,0.3,40.7,1.5,4,150,0.7,60,241,0.3,0.6,0,0.05,0.2,0.5,31,Tunggal,Sayur,Makan Siang
DR095,"Kabau, segar",130,6.7,0.3,25.2,2.9,4,204,0.5,1,397.8,0.2,0.5,0,0.8,0.1,0.3,16,Tunggal,Sayur,Makan Siang
DR106,"Kelawi,kluwih, segar",118,1.5,0.3,27.2,5,28,32,0.9,2,500.9,0.09,0.1,0,0.1,0.03,0.9,19,Tunggal,Sayur,Makan Siang
BR016,"Ketela pohon/ singkong, segar",154,1,0.3,36.8,0.9,77,24,1.1,2,394,0.3,0.4,0,0.06,0.1,0.5,31,Tunggal,Umbi,Makan Siang
BR027,"Talas viqueque, segar",115,1.8,0.5,25.9,8.6,50,220,0.9,1,70,0.3,1,0,0.08,0.1,0.9,0,Tunggal,Umbi,Makan Siang
FP069,"Sop daging sapi, masakan",49,5.8,0.5,5.3,0,158,48,2.2,391,0,0,0,101,0.37,0,0,0,Olahan,Daging,Makan Siang
FP074,"Soto bandung, masakan",42,3.9,1.7,2.8,0.4,74,75,1.8,0,0,0,0,6,0,0,0,0,Olahan,Daging,Makan Siang
GR047,"Ikan layur, segar",82,18,1,0.4,0,48,229,2.2,0,0,0,0,4,0.04,0,0,0,Tunggal,Ikan dsb,Makan Siang
DR008,"Bayam, segar",16,0.9,0.4,2.9,0.7,166,76,3.5,16,456.4,0.13,0.4,0,0.04,0.1,1,41,Tunggal,Sayur,Makan Siang
DR013,"Buncis, segar",34,2.4,0.3,7.2,1.9,101,42,0.7,8,250,0.07,0.3,0,0.05,0.4,2.8,11,Tunggal,Sayur,Makan Siang
DR016,"Caisin, segar",20,1.7,0.4,3.4,1.2,123,40,1.9,18,358.2,0.05,1.4,0,0.04,0.19,0.6,3,Tunggal,Sayur,Makan Siang
BR028,"Ubi jalar, kuning, segar",119,0.5,0.4,25.1,4.2,30,40,0.4,3,1,0.1,0.2,0,0.06,0.07,0.7,0,Tunggal,Umbi,Makan Siang
FP040,"Bulgogi, masakan",72,11.4,4.9,1.4,1.7,214,86,2.5,509,0,0,0,17,1.08,0,0,0,Olahan,Daging,Makan Siang
FP061,"Rawon, masakan",60,5.4,2.5,4,0.3,272,153,3.3,0,0,0,0,11,0.09,0,0,0,Olahan,Daging,Makan Siang
FP068,"Sop buntut, masakan",71,7.5,3.6,2.2,0,286,38,3.2,490,0,0,0,119,0.14,0,0,0,Olahan,Daging,Makan Siang
FP070,"Sop kaki sapi, masakan",68,9,1.9,3.7,0,302,15,2.2,435,0,0,0,48,0.46,0,0,0,Olahan,Daging,Makan Siang
FP072,"Sop konro, masakan",71,7.4,2.6,4.5,0,17,60,4.6,184,25,0.3,1.3,0,0.12,0.02,10.9,0,Olahan,Daging,Makan Siang
FP079,"Soto madura, masakan",60,3.5,4.5,1.3,0,361,126,3.8,0,0,0,0,26,0.06,0,0,0,Olahan,Daging,Makan Siang
FP082,"Soto pemalang, masakan",75,3.6,5.2,3.5,0,170,80,2.1,0,0,0,0,16,0.13,0,0,0,Olahan,Daging,Makan Siang
FP085,"Sukiyaki, masakan",75,5.6,0.4,12.2,0.2,109,59,0.5,426,0,0,0,41,0.37,0,0,0,Olahan,Daging,Makan Siang
FP043,"Coto mangkasara, kuda, masakan",96,6.8,5.9,3.8,0,11,106,2.3,96,31,0.1,1,0,0.23,0.14,4.2,0,Olahan,Daging,Makan Siang
FP044,"Coto mangkasara, sapi, masakan",84,6,6,1.4,0,8,104,4,90,25,0.3,0.6,0,0.16,0.14,10.3,0,Olahan,Daging,Makan Siang
FP073,"Sop saudara, masakan",89,7.2,5,3.9,0,10,174,9,274,50,0.2,1.1,0,0.09,0.12,2,0,Olahan,Daging,Makan Siang
FP077,"Soto jeroan, masakan",92,11.8,4.3,1.4,0,218,48,1.9,363,0,0,0,85,0.36,0,0,0,Olahan,Daging,Makan Siang
FP081,"Soto pekalongan, masakan",94,3,6.8,5.1,0.3,322,79,2,0,0,0,0,14,0.29,0,0,0,Olahan,Daging,Makan Siang
FP083,"Soto sukaraja, masakan",80,3.2,3.5,9,0.3,347,77,2.3,0,0,0,0,12,0.04,0,0,0,Olahan,Daging,Makan Siang
FP084,"Soto sulung, masakan",86,2.3,8.5,0,0,200,120,2.9,0,0,0,0,20,0.08,0,0,0,Olahan,Daging,Makan Siang
FP086,"Tedong pallu basa, masakan",83,10.4,3.4,2.8,0,10,139,2.6,397,34,0.6,1.3,0,0.09,0.53,9,0,Olahan,Daging,Makan Siang
FP036,Beef burger,258,10.6,9.5,32.5,0.4,210,157,2.6,572,189.1,0,0,218,0.95,0,0,0,Olahan,Daging,Makan Siang
FP045,"Djibokum, masakan",248,10,2.3,40.9,0.1,116,110,2.8,401,0,0,0,52,0.75,0,0,0,Olahan,Daging,Makan Siang
FP060,"Pelolah manuk, masakan",219,19.7,13.6,4.4,0,33,160,1.6,577,0,0,0,137,0.42,0,0,0,Olahan,Daging,Makan Siang
FP042,"Chikiniku, masakan",143,9.8,1.4,22.8,0.4,301,63,2,531,0,0,0,27,0.73,0,0,0,Olahan,Daging,Makan Siang
FP048,"Jangang bintatoeng, masakan",107,5.3,2.2,16.5,0,64,61,2.5,482,406,0.2,0.8,0,0.18,0.02,3.4,0,Olahan,Daging,Makan Siang
FP054,"Lawar penyu, masakan",141,23,1.5,7.6,0,69,141,6,0,0,0,0,0,0.1,0,0,0,Olahan,Daging,Makan Siang
FP055,"Lawara jangang, masakan",159,5,10.9,10.1,0,57,107,1.5,400,2368,0.1,1,14,0.25,0.16,0,0,Olahan,Daging,Makan Siang
FP057,"Nasu likku, masakan",196,14.5,8.3,15.9,0,69,157,1,386,470,0.3,2,0,0.2,0.24,1.5,0,Olahan,Daging,Makan Siang
FP058,"Oramu ninahu ndawa olaho, masakan",117,13.7,5,4.3,0,964,804,2,0,727,0.3,1.5,4095,0.77,0.04,1.7,0,Olahan,Daging,Makan Siang
FP064,"Sate, penyu, masakan",179,22.5,3.5,13.3,0,187,238,14.4,0,0,0,0,0,0.1,0,0,0,Olahan,Daging,Makan Siang
FP066,"Penyu, serapah, masakan",174,13.1,12.2,2.2,0,72,186,9.5,0,507,0.8,2.4,1302,0,0,0,0,Olahan,Daging,Makan Siang
FP001,"Ayam, ampela, goreng",270,32.3,11.2,9.9,0,129,314,4.9,980,0,0.12,3.3,56,0.21,0,4.7,0,Olahan,Daging,Makan Siang
FP002,"Ayam, usus, goreng",473,45.2,26.3,13.9,0,1407,458,8.4,0,0,0,0,6,0.57,0,0,0,Olahan,Daging,Makan Siang
FP003,"Bebek, daging, goreng",300,24,20.7,4.5,0,170,170,4.1,34,6,0.4,3,0,0.1,0.4,10.6,0,Olahan,Daging,Makan Siang
FP009,"Punai, daging, goreng",224,26.2,11.3,4.4,0,362,362,3.1,2,19,0.3,1.6,0,0,0,0,0,Olahan,Daging,Makan Siang
FP011,"Sapi, abon",212,18,10.6,59.3,7.5,150,209,12.3,0,0,0,0,0,0.17,0,0,0,Olahan,Daging,Makan Siang
FP012,"Sapi, abon, asli",358,14.6,16.1,38.6,2.5,165,136,14.6,0,0,0,0,3,0.13,0,0,0,Olahan,Daging,Makan Siang
FP013,"Sapi, daging, asap",182,32,6,0,0,15,300,5,162,485.4,0.03,5.1,6,0.12,0.23,5.9,0,Olahan,Daging,Makan Siang
FP015,"Sapi, daging, kornet",289,16,25,0,0,10,170,4,794,94.4,0.07,4,0,0.01,0.16,2.7,0,Olahan,Daging,Makan Siang
FP016,"Sapi, daging, sosis (Worst)",448,14.5,42.3,2.3,0,28,61,1.1,765,284.5,0.06,1.7,0,0.1,0.18,4.9,0,Olahan,Daging,Makan Siang
FP017,"Sapi, hati, sosis (liverworst)",274,16,22,3,2.3,20,150,4,654,158.8,0.22,2.2,1201,0.2,0.96,4,0,Olahan,Daging,Makan Siang
FP019,"Sapi, paru, goreng",268,23.9,12.7,14.5,0,102,315,8.8,923,299,0,1.5,790,0,0,0,0,Olahan,Daging,Makan Siang
FP020,"Ulat sagu, panggang",380,11.9,30.3,14.9,4.8,30,120,1.5,260,550,3.1,14.2,0,0.5,2.5,0.1,0,Olahan,Daging,Makan Siang
FP021,"Ayam goreng church texas, dada",338,35.2,20.6,0.4,0,79,221,5.6,800,369.5,0.16,1.1,16,0.52,0.16,12.1,0,Olahan,Daging,Makan Siang
FP022,"Ayam goreng church,texas paha",287,31,15.7,1.7,0,99,176,4.1,723,257,0.17,1.5,22,0.66,0.2,5.3,0,Olahan,Daging,Makan Siang
FP023,"Ayam goreng church texas, sayap",295,34,16,1.5,0,81,179,3,771,237.2,0.16,1.2,13,0.44,0.13,6.2,0,Olahan,Daging,Makan Siang
FP024,"Ayam goreng kalasan, paha",275,37.4,12.2,1.3,0,116,237,5.8,176,321.9,0.16,1.5,10,0.1,0,0,0,Olahan,Daging,Makan Siang
FP025,"Ayam goreng kentucky, dada",298,34.2,16.8,0.1,0,90,284,5.5,741,342,0.07,1,36,0.19,0,0,0,Olahan,Daging,Makan Siang
FP026,"Ayam goreng Kentucky, paha",286,32.1,16.1,1.1,0,89,248,6.9,746,265.2,0.09,2.3,31,0.5,0.21,5.5,0,Olahan,Daging,Makan Siang
FP027,"Ayam goreng Kentucky,sayap",297,35.9,15.2,1.6,0,103,227,4.4,807,248.4,0.06,1.4,22,0.73,0.14,6.5,0,Olahan,Daging,Makan Siang
FP028,Ayam goreng mbok berek dada,295,39.2,13.6,1,0,114,278,5.4,0,0,0,0,8,0.19,0,0,0,Olahan,Daging,Makan Siang
FP029,"Ayam goreng pasundan, dada",246,37.9,9,0.7,0,90,260,7.5,0,0,0,0,6,0.16,0,0,0,Olahan,Daging,Makan Siang
FP030,"Ayam goreng pasundan, paha",245,33.1,11.4,0.3,0,90,283,7.3,0,0,0,0,8,0.37,0,0,0,Olahan,Daging,Makan Siang
FP031,"Ayam goreng pioneer, dada",295,37.4,14.7,0.6,0,108,236,6.8,0,0,0,0,16,0.1,0,0,0,Olahan,Daging,Makan Siang
FP032,"Ayam goreng sukabumi, dada",244,36.7,9.2,1,0,81,154,6.1,0,0,0,0,20,0.66,0,0,0,Olahan,Daging,Makan Siang
FP033,"Ayam goreng sukabumi, paha",283,35.7,14.3,0.5,0,68,106,5.4,0,0,0,0,11,0.36,0,0,0,Olahan,Daging,Makan Siang
FP034,"Ayam taliwang, masakan",264,18.2,20.1,2.7,0,94,164,2,507,408,0.4,12.3,1067,0,0,0,0,Olahan,Daging,Makan Siang
FP035,"Babi hutan masak rica, masakan",491,24.6,16.3,0.2,0,18,144,1.2,1415,327,0.2,2.6,2193,0.61,0.47,0,0.2,Olahan,Daging,Makan Siang
FP037,"Beef teriyaki, masakan",151,8.6,3.1,22.3,0.3,142,62,2.3,377,0,0,0,22,0.53,0,0,0,Olahan,Daging,Makan Siang
FP038,"Beef yakiniku, masakan",132,9.8,1.1,20.7,0.3,302,67,2,409,0,0,0,78,0.62,0,0,0,Olahan,Daging,Makan Siang
FP039,Brongkos,141,15.3,3.3,12.6,1,87,97,5.1,0,0,0,0,4,0.4,0,0,0,Olahan,Daging,Makan Siang
FP041,"Chicken teriyaki, masakan",168,13,9.6,7.5,0.8,137,106,3.1,959,0,0,0,68,0.65,0,0,0,Olahan,Daging,Makan Siang
FP046,"Empal (daging) Goreng, masakan",248,36.2,6.9,10.1,0,131,235,6.4,848,0,0,0,112,0.55,0,0,0,Olahan,Daging,Makan Siang
FP047,Gulai kambing,126,4.2,9.4,6.2,0,45,73,1.3,302,138,0.2,1.1,151,0.13,0.01,0,0,Olahan,Daging,Makan Siang
FP049,"Kalio ayam, masakan",203,16,13.5,4.4,0,278,177,4.2,534,0,0,0,105,0.35,0,0,0,Olahan,Daging,Makan Siang
FP050,"Kalio jeroan, masakan",163,16.5,9,4.1,0,102,268,7.1,570,0,0,0,298,0.7,0,0,0,Olahan,Daging,Makan Siang
FP051,"Kalio kikil (tunjang), masakan",122,13.8,5.7,3.9,0,154,59,3.4,519,0,0,0,36,0.38,0,0,0,Olahan,Daging,Makan Siang
FP052,"Kalio otak, masakan",157,8.1,8.8,11.4,0,212,69,3.3,604,0,0,0,32,0.45,0,0,0,Olahan,Daging,Makan Siang
FP056,"Naan maran sapi, masakan",478,38.3,33.9,5.1,0,30,390,11.8,220,320,0.6,3.9,33,0,0,0.2,0,Olahan,Daging,Makan Siang
FP059,"Paniki masak santan, masakan",460,28.5,35.2,7.2,0,188,357,5.5,2002,532,0.4,2.5,954,0.27,0.19,0,0,Olahan,Daging,Makan Siang
FP062,"Rendang sapi, masakan",193,22.6,7.9,7.8,0,474,211,14.9,0,0,0,0,21,0.12,0,0,0,Olahan,Daging,Makan Siang
FP065,"Sate pusut, masakan",274,12.9,18.6,13.6,0,63,190,2.7,609,0,0,0,133,0.06,0,0,0,Olahan,Daging,Makan Siang
FP067,"Sie reuboh, masakan",474,11.2,42.5,11.7,0,26,62,1.3,677,176,2.4,3.2,141,0.46,0.26,0,0,Olahan,Daging,Makan Siang
FP075,"Soto banjar, masakan",110,2.9,9.5,3.2,0,28,28,0.3,36,6,0,0.2,12,0.05,0,0,0,Olahan,Daging,Makan Siang
FP076,"Soto betawi, masakan",135,2.5,8.8,11.5,0.5,222,72,1.9,0,0,0,0,6,0.04,0,0,0,Olahan,Daging,Makan Siang
FP080,"Soto padang, masakan",127,5.9,6.6,11,0.7,298,94,1.5,0,0,0,0,12,0.22,0,0,0,Olahan,Daging,Makan Siang
FP087,"Tikus rica, masakan",257,18.8,18.5,3.8,0,232,293,6.5,1724,308,0.5,2.3,674,0.28,0.38,0,0,Olahan,Daging,Makan Siang
FP088,"Tinoransa, masakan",516,17.7,49.5,0,0,698,648,3.5,1307,320,0.1,1.8,710,0.29,0.17,0,0,Olahan,Daging,Makan Siang
GP056,"Bou ninahu ndamate, masakan",79,6.3,1,1.1,0,0,0,0,67,0,0,0,691,0.1,0,0.1,0,Olahan,Ikan dsb,Makan Siang
GP062,"Gete kuah asam, masakan",75,8.2,2,6,0,162,880,0.8,260,150,0.1,1.5,0,0,0,0.1,0,Olahan,Ikan dsb,Makan Siang
GP063,"Gulai asam keueung, masakan",52,10,0.5,1.8,0,62,102,0.3,332,141,0,1,0,0.18,0.34,0,0,Olahan,Ikan dsb,Makan Siang
GP074,"Model, masakan",79,2.2,4,8.6,0,8,33,0.8,147,34,0.1,0.5,0,0.16,0.02,0,0,Olahan,Ikan dsb,Makan Siang
GP057,"Bouiki ninahu nggaluku, masakan",94,7.8,2.2,10.8,0,0,0,0,58,179.4,0,1.5,0,0.5,0.03,2.4,0,Olahan,Ikan dsb,Makan Siang
GP076,"Parede baleh, masakan",87,10.5,2.5,5.5,0,35,215,0.9,416,59,0.1,0.2,0,0.24,0,0.7,0,Olahan,Ikan dsb,Makan Siang
GP087,"Saboko gurita, masakan",87,15.7,1.5,2.6,0,60,14,2.1,200,180,0.9,4,38,0,0,0,0,Olahan,Ikan dsb,Makan Siang
GP091,"Sepi, masakan",88,7.9,1.6,10.6,0,924,350,2.3,873,258,1,1.1,783,0,0,0,0,Olahan,Ikan dsb,Makan Siang
GP090,Sate Bandeng,283,12.1,16.8,20.9,2,118,186,1.2,543,199,0.2,0.9,0,0.02,0.02,0,0.3,Olahan,Ikan dsb,Makan Siang
GP004,"Ikan asin, kering",193,42,1.5,0,0,200,300,2.5,0,0,0,0,0,0.01,0,0,0,Olahan,Ikan dsb,Makan Siang
GP055,"Betok wadi, masakan",145,16.3,7,4.1,0,405,523,1.8,69,203,1,1.3,0,0.22,0,0,0,Olahan,Ikan dsb,Makan Siang
GP068,"Gurame asem manis, masakan",192,12.7,10.1,12.7,0,283,169,1.1,0,0,0,0,19,0.1,0,0,0,Olahan,Ikan dsb,Makan Siang
GP073,"Lawara penjah, masakan",207,7.4,15.4,9.6,0,114,219,5.9,683,117,0.5,0.7,0,0.19,0.04,0,14,Olahan,Ikan dsb,Makan Siang
GP085,"Pinda, masakan",107,15.9,0.6,0.4,0,375,336,1.9,526,330,0.2,1,896,0.89,0.05,0.5,0,Olahan,Ikan dsb,Makan Siang
GP088,"Saboko saltan, masakan",113,17.1,3.6,3,0,240,60,0.5,40,350,0.2,0.6,27,0,0,0.1,0,Olahan,Ikan dsb,Makan Siang
GP089,"Saboko sardin, masakan",110,12.9,4.3,4.9,0,220,520,6,200,280,0.2,3.9,37,0,0,0,0,Olahan,Ikan dsb,Makan Siang
GP002,"Belut, goreng",417,25.9,19.4,32,0,840,872,4.9,71,217.7,0.3,1.8,0,0,0.2,10.5,0,Olahan,Ikan dsb,Makan Siang
GP003,"Cumi-cumi, goreng",265,40.6,10.1,0,0,62,270,2.7,86,81.9,0,0,0,0.09,0,6.3,0,Olahan,Ikan dsb,Makan Siang
GP005,"Ikan bandeng presto, masakan",296,17.1,20.3,11.3,0,1422,659,1.9,0,0,0,0,6,0.14,0,0,69,Olahan,Ikan dsb,Makan Siang
GP006,Ikan baung bakar,144,17.8,5.8,5.2,0,18,169,0,168,236,0.1,0.7,0,0,0,1.3,0,Olahan,Ikan dsb,Makan Siang
GP007,Ikan Belida bakar,128,18,3,7.2,0,58,134,0,293,198,0.1,0.4,0,1.8,0.17,1.5,0,Olahan,Ikan dsb,Makan Siang
GP013,"Ikan gete, goreng",267,23.1,19.4,0.2,0,234,124,0.8,590,440,0.1,1.9,0,0,0,0.2,0,Olahan,Ikan dsb,Makan Siang
GP015,"Ikan katombo, asin",162,31.7,2.8,0.3,0,279,609,4.6,4393,342.2,2.8,0,0,0.09,0,0,0,Olahan,Ikan dsb,Makan Siang
GP017,Ikan Lais bakar,147,17.5,6.5,5.4,0,54,194,0.1,142,209,0,0.5,0,0,0,0,0,Olahan,Ikan dsb,Makan Siang
GP019,Ikan Mas pepes,209,15.2,11.3,11.8,0.5,686,530,6.1,74,276.7,0.1,1.9,3,0.13,0.1,2.4,0,Olahan,Ikan dsb,Makan Siang
GP020,Ikan mujahir goreng,416,46.9,23.9,0,0,346,654,0.9,54,278.9,0,0.2,12,0.12,0.1,2.2,0,Olahan,Ikan dsb,Makan Siang
GP021,Ikan Mujahir pepes,121,21.7,2.8,0.8,0,83,248,1.6,58,265.8,0,0.3,8,0,0.1,1.9,0,Olahan,Ikan dsb,Makan Siang
GP023,"Ikan Papuyu, bakar",152,17.6,6.1,6.7,0,244,227,3.4,320,224,0.2,1,0,0,0,0,9,Olahan,Ikan dsb,Makan Siang
GP024,"Ikan Patin, bakar",144,17.5,6.3,4.3,0,191,232,1.4,379,230,0.1,0.7,0,0,0,0,0,Olahan,Ikan dsb,Makan Siang
GP033,"Ikan sanggang, masakan",240,21.7,7.7,20.7,0,159,362,9.8,2041,159,1.5,8.8,0,0.51,0.02,0,0,Olahan,Ikan dsb,Makan Siang
GP053,Abon haruwan,513,23.7,37,21.3,0,25,25,0.5,61,15,0,0.2,0,0,0,0,0,Olahan,Ikan dsb,Makan Siang
GP054,Abon ikan,435,27.2,20.2,36.1,0,0,0,0,0,0,0,0,0,0,0.8,24.3,0,Olahan,Ikan dsb,Makan Siang
GP059,"Dendeng belut, goreng",382,55.7,14.1,8,0,1069,654,15.4,0,0,0,0,28,0.48,0,0,0,Olahan,Ikan dsb,Makan Siang
GP060,"Dendeng mujahir, goreng",598,74.3,26.9,9.2,0,1957,1447,7.4,0,0,0,0,18,0.19,0,0,0,Olahan,Ikan dsb,Makan Siang
GP064,"Gulai ikan paya, masakan",148,10,9.8,5,0,103,82,0.7,525,256,0.1,0.9,0,0.26,0.02,0,0,Olahan,Ikan dsb,Makan Siang
GP065,"Gulai ikan, masakan",106,16.5,3.3,2.5,0,306,196,4.8,743,0,0,0,86,0.32,0,0,0,Olahan,Ikan dsb,Makan Siang
GP066,"Gulai keumamah, masakan",110,5.9,8.2,3.2,0,32,96,1,335,121,0.2,0.9,0,0.33,0.04,0,0,Olahan,Ikan dsb,Makan Siang
GP067,"Gulai tiram, masakan",132,9,7.2,7.8,0,53,134,3.7,285,133,1.1,0.7,389,0.29,0.12,0,0,Olahan,Ikan dsb,Makan Siang
GP069,"Ikan asar merah, masakan",146,17.7,5.9,5.6,0,100,240,4,170,310,0.3,1.4,224,0,0,0,0,Olahan,Ikan dsb,Makan Siang
GP072,"Kaholeo, masakan",413,28.7,19.8,29.8,0,909,1291,0,0,1171,0.1,3.1,4236,1.34,0.03,5.7,0,Olahan,Ikan dsb,Makan Siang
GP075,"Mujahir acar kuning, masakan",330,17.8,23.4,12.1,1.1,154,357,5.3,0,0,0,0,24,0.15,0,0,0,Olahan,Ikan dsb,Makan Siang
GP084,"Pencok lele, masakan",372,7.8,36.3,3.5,0,289,295,5.3,0,0,0,0,64,0.12,0,0,0,Olahan,Ikan dsb,Makan Siang
GP086,"Pindang kenari, masakan",124,9.5,9.6,0,0,120,220,1.3,370,270,0.3,1.2,18,0,0,0.1,0,Olahan,Ikan dsb,Makan Siang
GP093,"Teri balado, masakan",365,23.7,22.3,17.5,0,869,348,4,0,0,0,0,27,0.13,0,0,0,Olahan,Ikan dsb,Makan Siang
GP094,Tumis bandeng,189,11.3,15.7,0.6,0,56,129,0.4,314,280,0.1,0.7,579,0.46,0.02,0,0,Olahan,Ikan dsb,Makan Siang
GP095,Tumis keumamah,300,14.5,20,15.5,4.5,0,0,0,0,0,0,0,0,0.63,0.04,0,7,Olahan,Ikan dsb,Makan Siang
GP049,Sardines dalam kaleng,338,21.1,27,1,0,354,434,3.5,0,0,0,0,76,0.1,0,0,0,Olahan,Ikan dsb,Makan Siang
CP051,Oncom,187,13,6,22.6,0,96,115,27,0,0,0,0,0,0.09,0,1.6,0,Olahan,Kacang,Makan Siang
CP052,Oncom ampas kacang hijau,376,14.9,6,65.7,12.3,199,110,10.9,0,0,0,0,0,0.03,0,0,0,Olahan,Kacang,Makan Siang
CP053,Oncom kacang hijau + singkong,351,11,5.3,65.9,9,164,113,7.8,0,0,0,0,0,0.01,0,0,0,Olahan,Kacang,Makan Siang
CP066,"Tauco cap beruang, cake",347,7.4,5.2,67.6,3.2,63,106,6.2,0,0,0,0,0,0.35,0,0,0,Olahan,Kacang,Makan Siang
CP067,"Tauco cap DAS, cake",358,7.5,4.3,70.4,3.1,94,94,4.5,0,0,0,0,0,0.29,0,0,0,Olahan,Kacang,Makan Siang
CP068,Tauco cap meong,159,7.4,4.9,21.3,1.6,183,84,10.1,1547,204.1,0.34,0.9,0,0.46,0.18,0.7,0,Olahan,Kacang,Makan Siang
CP070,Tempe bongkrek,119,4.4,3.5,18.3,0,27,100,2.6,0,0,0,0,0,0.08,0,0,0,Olahan,Kacang,Makan Siang
CP073,Tempe kacang babi,139,12.5,0.8,21.9,1.8,68,182,2.6,0,0,0,0,0,0.1,0,0,0,Olahan,Kacang,Makan Siang
CP074,Tempe kecipir (kacang belimbing),212,17.5,10,12.9,2.9,186,160,2.2,0,0,0,0,0,0.2,0,0,0,Olahan,Kacang,Makan Siang
CP075,Tempe kedelai + jagung,143,12,5.5,11.4,1.9,155,156,6.8,0,0,0,0,0,0.33,0.15,1.2,0,Olahan,Kacang,Makan Siang
CP078,Tempe koro benguk,141,10.2,1.3,23.2,0,42,15,2.6,0,0,0,0,0,0.09,0,0,0,Olahan,Kacang,Makan Siang
CP079,Tempe lamtoro,128,10.7,0.5,21.3,7.1,203,108,0.6,0,0,0,0,0,0.17,0,0,2,Olahan,Kacang,Makan Siang
CP080,Tempe lamtoro var. gung dengan kulit,146,11.7,2.3,19.6,7.6,128,41,6.8,0,0,0,0,0,0.19,0,1.4,0,Olahan,Kacang,Makan Siang
CP081,Tempe lamtoro var. gung tanpa kulit,131,18,0.8,13,1.3,95,154,12.4,0,0,0,0,0,0.2,0.02,2.6,0,Olahan,Kacang,Makan Siang
CP054,Oncom kacang tanah pepes,132,12.7,3.8,13.7,3.1,133,355,34.4,0,0,0,0,0,0.08,0.2,0.7,0,Olahan,Kacang,Makan Siang
HP005,"Bayau mi balu, masakan",313,6,12.2,44.8,0,0,0,0,0,0,0,0,783,0.14,0.27,9.7,0,Olahan,Telur,Makan Siang
HP006,"Cucuru bayau, masakan",349,6.8,18.7,38.3,0,0,0,0,0,0,0,0,0,0.06,0.25,0,0,Olahan,Telur,Makan Siang
HP007,"Kalio telur, masakan",193,10.6,12.4,9.7,0,148,246,3.8,540,0,0,0,160,0.44,0,0,0,Olahan,Telur,Makan Siang
DR005,"Bakung, segar",27,2,0.2,4.2,3.8,19,20,0.5,37,340,0.2,0.3,0,0.2,0.1,0.3,42,Tunggal,Sayur,Sarapan
DR006,"Baligo, segar",15,0.4,0.2,3,0.4,19,19,0.4,2,131.1,0.02,0.6,0,0.04,0.02,0.3,13,Tunggal,Sayur,Sarapan
DR007,"Bawang bombay, segar",43,1.4,0.2,10.3,2,32,44,0.5,12,9.6,0.1,0.3,0,0.03,0.21,0.4,9,Tunggal,Sayur,Sarapan
DR010,"Bit, segar",41,1.6,0.1,9.6,2.6,27,43,1,29,404.9,0.2,0.7,0,0.02,0.05,0.3,10,Tunggal,Sayur,Sarapan
DR014,"Bunga pepaya, segar",45,2.6,0.3,8.1,1.6,290,113,4.2,2,478.3,0.08,0.8,0,0.01,0.28,1,23,Tunggal,Sayur,Sarapan
DR015,"Bunga turi, segar",42,2,1.1,6.1,3.3,28,23,0.8,97,97.4,0.1,0.6,0,0.5,0.02,0.4,1,Tunggal,Sayur,Sarapan
DR017,"Daun bangun-bangun, segar",27,1.3,0.6,4,1,279,40,13.6,4,144,0,0,0,0.16,0.1,0,5,Tunggal,Sayur,Sarapan
DR018,"Daun bawang merah, segar",41,2,0.3,7.8,2.1,60,40,2.3,30,90,0.1,0.3,0,0.1,0.1,0.2,11,Tunggal,Sayur,Sarapan
DR019,"Daun bebuas, segar",41,2.7,1,7.3,2.1,29,245,1.5,0,0,0,0,0,0.01,0,0,3,Tunggal,Sayur,Sarapan
DR020,"Daun belem, segar",50,4.4,1.4,7.8,1.9,698,151,7.5,0,0,0,0,0,0.05,0,0,21,Tunggal,Sayur,Sarapan
DR021,"Daun bluntas, segar",44,1.8,0.5,9.4,0,256,49,5.6,0,0,0,0,0,0.02,0,0,30,Tunggal,Sayur,Sarapan
DR022,"Daun gandaria, segar",63,3.1,0.3,14,2.1,40,45,4.7,3,127.7,0,0,0,0.04,0.04,0.2,61,Tunggal,Sayur,Sarapan
DR024,"Daun gedi kecil, segar",61,3.2,0.7,10.4,3.4,420,70,1.7,20,50,0.1,1.4,0,0.4,0.3,2.9,11,Tunggal,Sayur,Sarapan
DR025,"Daun gelang, segar",30,1.3,0.7,5.8,1.3,350,210,11.9,5,333.3,0.31,1.2,0,0.01,0.14,0.7,1,Tunggal,Sayur,Sarapan
DR026,"Daun gunda bali, segar",50,4.6,0.9,7,1.4,167,62,0.5,0,0,0,0,0,0.05,0,0,20,Tunggal,Sayur,Sarapan
DR027,"Daun gunda serang, segar",62,4.2,0.9,9.2,1.3,171,64,0.6,0,0,0,0,0,0.02,0,0,20,Tunggal,Sayur,Sarapan
DR028,"Daun jambu mete muda, segar",78,4.6,0.5,16.2,3,33,64,8.9,14,670.5,0,0,0,0.02,1.12,1.1,65,Tunggal,Sayur,Sarapan
DR029,"Daun jampang, segar",34,3.8,0.5,5.3,1.4,21,245,1,0,0,0,0,0,0.03,0,0,3,Tunggal,Sayur,Sarapan
DR030,"Daun jawaw seluang, segar",93,5,1.3,15.3,3.9,146,103,5.3,2,434,0.5,1.5,0,0.1,0.7,0,9,Tunggal,Sayur,Sarapan
DR031,"Daun jonghe, segar",27,2.1,0.7,4.4,2,253,192,9.5,0,0,0,0,0,0.01,0,0,1,Tunggal,Sayur,Sarapan
DR032,"Daun kacang ma, segar",36,2.9,0.6,6.8,1.8,64,220,2.2,7,485.3,0.2,0.3,0,0.04,0.18,1.2,4,Tunggal,Sayur,Sarapan
DR033,"Daun kacang panjang, segar",30,3.1,0.3,5.8,1.7,200,66,4.5,7,458.6,0.2,0.3,0,0.33,0.2,1.1,30,Tunggal,Sayur,Sarapan
DR034,"Daun kasbi/singkong karet, segar",92,4,3.6,10.9,5.8,140,70,1.6,70,90,0.3,1.1,0,0.1,0.2,0.1,74,Tunggal,Sayur,Sarapan
DR035,"Daun katuk, segar",59,6.4,1,9.9,1.5,233,98,3.5,21,478.8,0.3,1.3,0,0,0.31,2.3,164,Tunggal,Sayur,Sarapan
DR036,"Daun kecipir, segar",52,5,0.5,8.5,0,134,81,6.2,6,114,0.3,0.8,0,0.28,0.4,2.2,29,Tunggal,Sayur,Sarapan
DR037,"Daun kedondong, segar",59,3.5,0.3,13.4,10.7,540,82,6.2,12,579,0,0,0,0.06,0.2,1.5,29,Tunggal,Sayur,Sarapan
DR038,"Daun kelor, segar",92,5.1,1.6,14.3,8.2,1077,76,6,61,298,0.1,0.6,0,0.3,0.1,4.2,22,Tunggal,Sayur,Sarapan
DR039,"Daun kemangi, segar",43,5.5,0.3,7.5,8.4,35,106,1,10,457.1,0,0,0,0.06,0.1,1.2,30,Tunggal,Sayur,Sarapan
DR040,"Daun kenikir, segar",45,3.7,0.5,6.6,5.8,328,65,2.7,431,431,0.1,0.6,0,0.5,0.3,4.5,0.2,Tunggal,Sayur,Sarapan
DR041,"Daun kesum, segar",48,4.5,0.8,9.1,1.6,125,142,2.6,11,174.7,0.4,1.2,0,0.01,0.1,1.6,4,Tunggal,Sayur,Sarapan
DR043,"Daun koro, segar",23,3,0.3,3.7,0,134,81,6.2,4,68.4,0.2,0.5,0,0.28,0.2,1.3,29,Tunggal,Sayur,Sarapan
DR044,"Daun kubis, segar",51,2.5,1.1,8,3.4,100,50,3.4,50,100,0.9,0.6,0,0.4,0.1,0.2,16,Tunggal,Sayur,Sarapan
DR045,"Daun kumak, segar",14,1.3,0.3,2.3,0.9,90,59,2.7,2,36.5,0.1,0.3,0,0.01,0,0.5,3,Tunggal,Sayur,Sarapan
DR048,"Daun lamtoro, segar",87,8.3,1.8,14.4,3.3,725,174,3.9,10,197.7,0.5,1.4,0,0,0.1,2.3,32,Tunggal,Sayur,Sarapan
DR050,"Daun leunca, segar",49,4.7,0.5,8.1,0,210,80,6.1,0,0,0,0,0,0.14,0,0,40,Tunggal,Sayur,Sarapan
DR052,"Daun lompong talas, segar",44,3,0.8,7.4,3.3,76,59,1,3,578.4,0.2,0.4,0,0.08,0.4,1.4,31,Tunggal,Sayur,Sarapan
DR053,"Daun mangkokan, segar",57,3.7,0.3,11.8,0,474,49,4,0,0,0,0,0,0.06,0,0,83,Tunggal,Sayur,Sarapan
DR054,"Daun matel ambon, segar",71,6.8,1.6,11.5,4.6,93,95,10.2,0,0,0,0,0,0.08,0,0,26,Tunggal,Sayur,Sarapan
DR056,"Daun mengkudu, segar",65,4,1.7,11.4,3.9,296,40,6.9,0,0,0,0,0,0.01,0.1,5.7,35,Tunggal,Sayur,Sarapan
DR059,"Daun pakis, segar",39,4.5,0.4,6.9,2,136,159,2.3,20,201.9,0.2,0.3,0,0.02,0.1,0.5,3,Tunggal,Sayur,Sarapan
DR060,"Daun pakis longgiho, segar",54,2.2,3.6,3.1,2.1,40,80,0.7,70,500,0.4,0.1,0,0.4,0.3,0.2,8,Tunggal,Sayur,Sarapan
DR061,"Daun pakis wambateu, segar",53,3.4,1.2,7.2,4.8,30,100,0.3,20,200,0.2,0.3,0,0.7,0.2,0.3,6,Tunggal,Sayur,Sarapan
DR066,"Daun pohpohan, segar",37,2.5,0.8,6.9,2.6,744,80,5.9,0,0,0,0,0,0.03,0,0,5,Tunggal,Sayur,Sarapan
DR067,"Daun selasih, segar",62,4,0.5,10.5,5.3,122,16,13.9,3,259,0.4,0.7,0,0.5,0.1,0.2,24,Tunggal,Sayur,Sarapan
DR068,"Daun semanggi, segar",45,4.4,0.5,8.5,1.9,98,90,7,64,520.7,0.5,0.3,0,0.01,0.5,0.7,6,Tunggal,Sayur,Sarapan
DR069,"Daun simpur, segar",53,3.2,2.5,7.6,1.6,228,194,3.5,0,0,0,0,0,0.02,0,0,5,Tunggal,Sayur,Sarapan
DR070,"Daun singkil, segar",68,2,1,15.2,3.3,178,86,2.1,0,0,0,0,0,0.02,0,0,3,Tunggal,Sayur,Sarapan
DR071,"Daun singkong, segar",50,6.2,1.1,7.1,2.4,166,99,1.3,17,23.1,0.1,2,0,0.04,0.1,1.8,103,Tunggal,Sayur,Sarapan
DR073,"Daun singkong ampenan, segar",50,6.2,1.1,7.1,2.4,352,123,2.7,49,570,0.2,1.3,0,0.5,0.1,1.6,103,Tunggal,Sayur,Sarapan
DR074,"Daun singkong kopang, segar",74,6.3,0.7,10.7,4.6,142,115,1.7,32,382,0.2,1.5,0,0.5,0.5,1.9,211,Tunggal,Sayur,Sarapan
DR075,"Daun sintrong, segar",36,2.6,0.9,6.1,1.7,398,95,9.3,64,444.4,0.1,0.4,0,0.03,0.2,0.9,3,Tunggal,Sayur,Sarapan
DR076,"Daun talas, segar",59,3,0.4,13.5,3,236,50,2.4,4,854.1,0.4,0.5,0,0.07,0.6,2,24,Tunggal,Sayur,Sarapan
DR077,"Daun tespong, segar",70,2.9,0.3,13.9,2.3,155,65,2.5,72,0,0.15,0.9,0,0.05,0.7,1.4,21,Tunggal,Sayur,Sarapan
DR078,"Daun ubi kuning, segar",62,3.7,0.3,11.1,6.4,170,40,0.6,10,0,0.2,0.5,0,0.3,0.3,1.2,4,Tunggal,Sayur,Sarapan
DR079,"Daun ubi merah, segar",48,3,0.3,10.8,1.4,80,81,6.4,33,517.3,0,0.4,0,0.1,0.2,1.2,27,Tunggal,Sayur,Sarapan
DR080,"Daun ubi putih, segar",46,2.8,0.2,8.2,4.8,120,50,0.8,10,0,0.2,0.5,0,0.3,0.3,0.9,8,Tunggal,Sayur,Sarapan
DR081,"Daun ubi tinta, segar",55,1.7,0.1,11.9,7.6,120,40,0.6,10,0,0.2,0.5,0,0.2,0,0,7,Tunggal,Sayur,Sarapan
DR082,"Eceng, segar",19,1,0.2,3.8,1.8,80,45,3.7,45,634.1,0,0,0,0.08,0.1,0.7,50,Tunggal,Sayur,Sarapan
DR083,"Gambas (oyong), segar",19,0.8,0.2,4.1,1.3,19,33,0.9,23,109.1,0,0.1,0,0.03,0,0.4,8,Tunggal,Sayur,Sarapan
DR085,"Jagung muda / semi, segar",35,2.2,0.1,7.4,1.9,7,100,0.5,353,230.2,0.1,0.8,0,0.08,0.16,0.9,8,Tunggal,Sayur,Sarapan
DR088,"Jamur kuping, segar",21,3.8,0.6,0.9,5.1,3,94,1.7,17,33.4,0.19,0.1,0,0.1,0.09,0.1,5,Tunggal,Sayur,Sarapan
DR089,"Jamur merang, segar",30,3.5,0.2,4,2.4,14,117,1,300,300,0.3,0.8,0,0.02,0.2,0.5,0.2,Tunggal,Sayur,Sarapan
DR090,"Jamur tiram, segar",30,1.9,0.1,5.5,3.6,9,83,0.7,226,226,0,0.8,0,0.3,0.2,1,0.2,Tunggal,Sayur,Sarapan
DR092,"Jantung pisang, segar",32,1.2,0.3,7.1,3.2,30,50,0.1,3,524,0.09,0.3,0,0.05,0.03,0.8,10,Tunggal,Sayur,Sarapan
DR094,"Jotang, segar",34,1.9,0.3,7.1,3.5,162,41,4,59,388.5,0.3,1.2,0,0.03,0,0.4,20,Tunggal,Sayur,Sarapan
DR096,"Kacang mekah, polong, segar",22,1.1,1,3.4,1.1,63,296,1,2,69.2,0.3,0,0,0.02,0,0.4,0,Tunggal,Sayur,Sarapan
DR097,"Kacang panjang, segar",31,2.3,0.1,5.3,2.7,60,64,0.6,30,213,0.1,0.5,0,0.7,0.1,0.3,46,Tunggal,Sayur,Sarapan
DR099,"Kalakai, segar",38,2.4,0.2,6.6,5.8,18,90,1.1,7,443,0.4,0.9,0,0.3,0.1,0,8,Tunggal,Sayur,Sarapan
DR100,"Kangkung, segar",28,3.4,0.7,3.9,2,67,54,2.3,65,250.1,0.13,0.4,0,0.07,0.36,2,17,Tunggal,Sayur,Sarapan
DR102,"Kapri muda, segar",45,3.3,0.2,9,1.8,51,85,1,2,118.4,0.09,0.7,0,0.2,0.1,0.9,49,Tunggal,Sayur,Sarapan
DR104,"Kecipir muda, segar",32,2.9,0.2,5.8,5.5,63,37,0.3,3,103.8,0.18,0.4,0,0.24,0.11,0.7,19,Tunggal,Sayur,Sarapan
DR105,"Kecombrang, segar",34,0.9,1,6.7,2.6,60,16,1,47,650.6,0,0,0,0,0.02,0.8,0,Tunggal,Sayur,Sarapan
DR107,"Kembang turi, segar",51,1.8,0.6,9.6,5,23,29,0.9,22,275.3,0.15,0.9,0,0.13,0.12,0.6,41,Tunggal,Sayur,Sarapan
DR108,"Kerokot, segar",26,1.7,0.4,3.8,1,103,39,3.6,4,240.5,0.23,0.9,0,0.03,0.09,0.2,25,Tunggal,Sayur,Sarapan
DR109,"Ketimun, segar",8,0.2,0.2,1.4,0.3,29,95,0.8,2,57.1,0.02,0.1,0,0.01,0.02,0.1,1,Tunggal,Sayur,Sarapan
DR110,"Ketimun krai, segar",10,0.5,0.2,2,0.6,20,98,1,10,82.1,0.03,0.1,0,0.02,0.03,0.1,3,Tunggal,Sayur,Sarapan
DR111,"Ketimun madura, segar",9,0.5,0.1,1.9,0.7,15,102,0.6,2,78.9,0.02,0.1,0,0.02,0.02,0.1,5,Tunggal,Sayur,Sarapan
DR112,"Komak, segar",99,3.3,0.1,21.2,10.3,50,99,13.1,15,567,0.2,0.6,0,0.2,0.19,0.1,0,Tunggal,Sayur,Sarapan
DR117,"Kucai, segar",45,2.2,0.3,10.3,4.8,52,50,1.1,21,439.5,0.11,0.5,0,0.11,0.2,1.8,17,Tunggal,Sayur,Sarapan
DR118,"Kucai muda (Lokio), segar",42,3.8,0.6,7.8,4.9,76,91,2.5,22,449.1,0.11,0.5,0,0.11,0.2,1.8,59,Tunggal,Sayur,Sarapan
DR120,"Kundur, segar",22,0.4,0.2,4.7,1.3,3,54,0.5,2,200,0.1,0.3,0,0.1,0.03,0.4,1,Tunggal,Sayur,Sarapan
DR121,"Labu air, segar",19,0.6,0.2,3.8,0.6,12,18,0.6,2,168.2,0.03,0.8,0,0.04,0.02,0.4,10,Tunggal,Sayur,Sarapan
DR122,"Labu kuning, segar",51,1.7,0.5,10,2.7,40,180,0.7,280,220,0.35,1.5,0,0.2,0,0.1,2,Tunggal,Sayur,Sarapan
DR123,"Labu siam, segar",30,0.6,0.1,6.7,6.2,14,25,0.5,3,167.1,0.16,1,0,0.02,0,0.6,18,Tunggal,Sayur,Sarapan
DR124,"Labu waluh, segar",32,1.1,0.1,6.6,0.5,45,64,1.4,1,356.2,0.13,0.3,0,0.08,0.12,0.6,52,Tunggal,Sayur,Sarapan
DR125,"Lantar, segar",34,2.2,0.3,5.5,2.9,10,58,0.4,3,155,0.2,0.4,0,0.3,0.07,0.4,4,Tunggal,Sayur,Sarapan
DR126,"Lobak, segar",21,0.9,0.1,4.2,1.4,35,26,0.6,49,109.3,0.03,0.2,0,0.03,0.04,0.3,32,Tunggal,Sayur,Sarapan
DR127,"Lumai/Leunca, segar",38,1.1,0.3,7.6,2,7,55,1,2,0,0.1,0.3,0,0.2,0.1,0.6,17,Tunggal,Sayur,Sarapan
DR128,"Melinjo, segar",66,5,0.7,13.3,0,163,75,2.8,0,0,0,0,0,0.1,0,0,100,Tunggal,Sayur,Sarapan
DR130,"Nangka muda, segar",57,2,0.4,11.3,8.3,45,29,0.5,1,246.5,0.04,0.1,0,0.07,0.06,0.7,9,Tunggal,Sayur,Sarapan
DR131,"Paria putih, segar",19,1,0.4,3.6,1.3,31,65,0.9,5,277.7,0.03,0.8,0,0.18,0.04,0.4,58,Tunggal,Sayur,Sarapan
DR132,"Pepare ular, segar",19,0.6,0.1,3.9,1,20,10,0.4,130,30,0.1,0.1,0,0.1,0.1,0.1,9,Tunggal,Sayur,Sarapan
DR133,"Pepaya muda, segar",29,2.1,0.1,4.9,2.1,50,16,0.4,22,211.2,0.01,0,0,0.02,0.03,0.3,19,Tunggal,Sayur,Sarapan
DR134,"Petai, segar",92,5.4,1.1,15.2,2,14,170,1.6,55,221,0.2,0.8,0,0.8,0.1,6.1,34,Tunggal,Sayur,Sarapan
DR135,"Peterseli, segar",53,3.7,1,9,0,193,84,4.3,18,1125.6,0.2,1.4,0,0.11,0.29,0.7,193,Tunggal,Sayur,Sarapan
DR136,"Pucuk lumai/daun leunca, segar",33,4.5,0.4,2.8,0,13,75,2.9,2,0,0.2,0.6,0,0.5,0.1,0,41,Tunggal,Sayur,Sarapan
DR137,"Putri malu, segar",76,3.6,0.3,14.6,7.1,119,84,3.3,1,631,0.6,1.4,0,0.6,0.6,0,6,Tunggal,Sayur,Sarapan
DR138,"Rebung, segar",25,0.8,0.1,5.3,9.7,3,5,0.5,3,206,0.1,0.4,0,0.2,0.07,0.5,0,Tunggal,Sayur,Sarapan
DR139,"Rimbang, segar",75,1.6,0.6,15.8,10,55,97,0.6,20,234,0.4,0.4,0,0.4,0.1,1.3,38,Tunggal,Sayur,Sarapan
DR141,"Sawi, segar",28,2.3,0.3,4,2.5,220,38,2.9,22,436.5,0.12,0.2,0,0.09,0.23,0.7,102,Tunggal,Sayur,Sarapan
DR142,"Sawi putih / pecai, segar",9,1,0.1,1.7,0.8,56,42,1.1,5,193.1,0.05,0.1,0,0.05,0.18,0.4,3,Tunggal,Sayur,Sarapan
DR143,"Sawi taiwan, segar",30,1.9,0.5,4.4,2.7,100,58,1.6,27,217,0.1,0.7,0,0.2,0.1,0.6,33,Tunggal,Sayur,Sarapan
DR144,"Sawi tanah, segar",19,1.3,0.2,2.9,2.2,92,45,1.2,17,145,0.1,0.4,0,0.2,0.1,0.1,36,Tunggal,Sayur,Sarapan
DR145,"Selada, segar",18,1.2,0.2,2.9,1.8,22,25,0.5,19,186.4,0.03,0.2,0,0.04,0.13,0.4,8,Tunggal,Sayur,Sarapan
DR146,"Selada air, segar",17,3.1,0.2,2.2,0.7,95,152,2.4,65,260.7,0.11,0.2,0,0.09,0.14,0.7,56,Tunggal,Sayur,Sarapan
DR147,"Seledri, segar",23,1,0.1,4.6,2,50,40,1,64,258.8,0.08,0.4,0,0.03,0.07,0.4,11,Tunggal,Sayur,Sarapan
DR148,"Taoge, segar",34,3.7,1.2,4.3,1.1,166,74,0.8,19,93.3,0.16,0.4,0,0.09,0,1.1,5,Tunggal,Sayur,Sarapan
DR149,"Taoge kacang kedelai, segar",76,9,2.6,6.4,0.7,50,65,1,5,212.4,0.26,0.7,0,0.23,0.19,1.2,15,Tunggal,Sayur,Sarapan
DR150,"Taoge kacang tunggak, segar",40,5,0.2,5.8,2.6,57,88,1,2,226.8,0.07,0.5,0,0.07,0.08,0.8,15,Tunggal,Sayur,Sarapan
DR151,"Tebu terubuk (lilin), segar",30,4.6,0.4,3,0.8,40,80,2,699,0,0.2,1.1,0,0.08,0.2,1.2,50,Tunggal,Sayur,Sarapan
DR152,"Tekokak, segar",34,2,0.1,7.9,4.9,50,30,2,3,333.3,0.12,0.2,0,0.08,0.05,0.9,8,Tunggal,Sayur,Sarapan
DR154,"Terong, segar",28,1.1,0.2,5.5,2.1,15,37,0.4,9,187,0.1,0.1,0,0.04,0.03,0.5,5,Tunggal,Sayur,Sarapan
DR155,"Terong asam, segar",37,2,0.4,6.3,3.2,13,59,1.5,3,155,0.3,0.3,0,0.2,0.1,0.8,4,Tunggal,Sayur,Sarapan
DR156,"Terung belanda, segar",52,2.1,1.1,8.6,1.4,16,40,1.1,0,0,0,0,0,0.42,0.06,0,12,Tunggal,Sayur,Sarapan
DR157,"Terung bengkulu, segar",52,1.1,0.4,11.2,3.2,19,39,1.1,14,0,0.16,1,0,0.23,0.04,0,6,Tunggal,Sayur,Sarapan
DR158,"Terong hintalo, segar",45,1.9,0.8,7.5,5.1,19,268,1,167,142,0.6,0.2,0,0.2,0.4,0,4,Tunggal,Sayur,Sarapan
DR160,"Tomat, air (sari), segar",20,1,0.2,3.5,0.4,7,15,0.4,10,225.2,0.06,0.1,0,0.05,0.03,0.7,10,Tunggal,Sayur,Sarapan
DR161,"Tomat merah, segar",24,1.3,0.5,4.7,0,8,77,0.6,10,164.9,0.14,0.2,0,0.06,0.07,0.4,34,Tunggal,Sayur,Sarapan
DR162,"Tomat muda, segar",24,2,0.7,3.3,1.8,5,27,0.5,10,210,0.07,0.2,0,0.07,0.04,0.7,30,Tunggal,Sayur,Sarapan
DR163,"Uceng/ bunga melinjo, segar",82,5.8,1.3,11.7,4.8,70,266,2.4,0,0,0,0,0,0.11,0.15,0,3,Tunggal,Sayur,Sarapan
DR164,"Umbut kelapa, segar",39,2,0.2,7.2,2.5,57,49,0,4,447,0.2,1.4,0,0.1,0.1,0,8,Tunggal,Sayur,Sarapan
DR166,"Wortel, segar",36,1,0.6,7.9,1,45,74,1,70,245,0.06,0.3,0,0.04,0.04,1,18,Tunggal,Sayur,Sarapan
BR024,"Suweg, talas, segar",74,1.4,0.1,17.2,1.4,42,46,1.3,7,400,0.1,0.1,0,0.04,0,0.4,2,Tunggal,Umbi,Sarapan
HP002,"Telur bebek, asin, mentah",179,13.6,13.3,4.4,0,120,157,1.8,483,140.1,0,0,253,0.28,0.98,0.6,0,Olahan,Telur,Sarapan
HP004,"Ikan, telur, asin, mentah",358,20.7,26.4,9.4,0,48,311,15.1,2684,59,0.4,3,1866,0.21,0.54,2.1,0,Olahan,Telur,Sarapan
HR001,"Telur ayam kampung, segar",174,10.8,14,1.2,0,68,268,4.9,190,141,0.6,1.5,203,0.78,0.62,0.2,0,Tunggal,Telur,Sarapan
HR002,"Telur ayam ras, segar",154,12.4,10.8,0.7,0,86,258,3,142,118.5,0.16,1,61,0.12,0.38,0.2,0,Tunggal,Telur,Sarapan
HR003,"Telur ayam ras, bagian kuning, segar",355,16.3,31.9,0.7,0,147,586,7.2,111,107.5,0.2,2.5,606,0.27,0.51,0.2,0,Tunggal,Telur,Sarapan
HR004,"Telur ayam ras, bagian putih, segar",50,10.8,0,0.8,0,6,17,0.2,164,138.5,0.03,0.4,0,0,0.26,0.4,0,Tunggal,Telur,Sarapan
HR005,"Telur bebek alabio, segar",187,11.8,14.2,3,0,60,268,6,115,80,0.6,1.7,180,1.55,0.37,0.1,0,Tunggal,Telur,Sarapan
HR006,"Telur bebek, bagian kuning, segar",386,17,35,0.8,0,150,400,7,106,90.7,0.09,2.5,870,0.6,0.68,1.4,0,Tunggal,Telur,Sarapan
HR007,"Telur bebek, bagian putih, segar",54,11,0,0.8,0,21,20,0.1,184,150.2,0.13,0.1,0,0.01,0.02,0.1,0,Tunggal,Telur,Sarapan
HR008,"Telur bebek tambak, segar",187,10.9,12.4,7.9,0,64,295,5.4,209,146,0.4,1.8,378,1.62,0.03,0.1,0,Tunggal,Telur,Sarapan
HR009,"Telur burung maleo, segar",436,26.5,36.3,0.4,0,154,120,4.3,77,333,0.4,2.9,3987,0,1,0.2,0,Tunggal,Telur,Sarapan
HR011,"Telur burung puyuh, segar",116,10.7,7,1.6,0,65,191,3.5,111,11,0.05,1.2,95,0.13,0.65,0.1,0,Tunggal,Telur,Sarapan
BR005,"Bengkuang, segar",59,1.4,0.2,12.8,1,15,18,0.6,2,244.3,0.1,0.3,0,0.04,0.1,0.2,20,Tunggal,Umbi,Sarapan
BR013,"Kentang, segar",62,2.1,0.2,13.5,0.5,63,58,0.7,7,396,0.4,0.3,0,0.09,0.1,1,21,Tunggal,Umbi,Sarapan
DP001,"Bayam, kukus",30,1.3,0.7,5.8,1.2,239,35,5.7,15,431,0.1,0.3,0,0.02,0.1,0.9,32,Olahan,Sayur,Sarapan
DP002,"Bayam, rebus",23,1.2,0.6,3.7,1.1,150,35,0.5,16,308.4,0.2,0.3,0,0.02,0.1,0.9,19,Olahan,Sayur,Sarapan
DP003,"Buncis, rebus",30,2.2,0.2,6.4,1.5,107,47,0.5,7,138.9,0.1,0.3,0,0.01,0.29,2,8,Olahan,Sayur,Sarapan
DP007,"Daun mengkudu, kukus",63,3.8,1.5,11.5,2.4,300,43,6,0,0,0,0,0,0.08,0.1,5.2,11,Olahan,Sayur,Sarapan
DP008,"Daun singkong, rebus",31,3.7,0.6,4.8,1.6,160,50,2.6,13,14,0.1,2,0,0.02,0.1,1.7,34,Olahan,Sayur,Sarapan
DP009,"Daun talas, rebus",27,1.3,0.2,5.9,1.6,119,41,1.4,3,519.4,0.5,0.5,0,0,0.6,1.9,7,Olahan,Sayur,Sarapan
DP010,"Daun ubi merah, kukus",56,3.1,0.3,13,1.5,78,52,4.3,28,472.8,0.1,0.4,0,0,0.2,1.1,14,Olahan,Sayur,Sarapan
DP011,"Kacang panjang, kukus",39,3,0.6,7.6,1.7,100,91,1.2,28,199,0.11,0.5,0,0.02,0.1,0.3,20,Olahan,Sayur,Sarapan
DP012,"Kacang panjang, rebus",30,2.3,0.4,5.8,1.4,71,68,0.8,24,114.5,0.1,0.4,0,0,0.07,0.2,15,Olahan,Sayur,Sarapan
DP016,"Selada, rebus",19,2.7,0.2,2.9,0.7,83,74,1.4,24,160.7,0.05,0.3,0,0.08,0.2,0.6,27,Olahan,Sayur,Sarapan
DP017,"Taoge, goreng",88,3.2,2.1,14,0.7,168,50,5.7,0,0,0,0,2,0.05,0,0,0,Olahan,Sayur,Sarapan
DP020,"Wortel, rebus",28,0.7,0.5,6.3,0.8,46,28,0.6,41,117.3,0.1,0.2,0,0.01,0.03,0.7,12,Olahan,Sayur,Sarapan
DP021,"Wortel, kukus",37,1,0.6,8.3,1.1,44,30,0.6,43,122.5,0.11,0.3,0,0.02,0.03,0.8,14,Olahan,Sayur,Sarapan
DP030,"Cap cai, sayur",97,5.8,6.3,4.2,0.6,287,89,1.8,405,0,0,0,45,0.21,0,0,1,Olahan,Sayur,Sarapan
DP037,"Karedok, sayur",92,2.2,3.3,14.1,1.4,174,85,2.4,0,0,0,0,0,0.08,0,0,3,Olahan,Sayur,Sarapan
DP044,Pelecing kangkung,75,2.5,2.8,10,5.4,36,3,2.1,408,381,0.1,0.4,0,0.7,0,0.2,12,Olahan,Sayur,Sarapan
DP047,Sayur asem,29,0.7,0.6,5,0.6,40,61,3.1,0,0,0,0,14,0.1,0,0,0.3,Olahan,Sayur,Sarapan
DP048,Sayur bunga pepaya,49,1.7,0.3,9.8,2.7,220,220,1.3,90,350,0.1,0.1,0,0,0.1,0,0,Olahan,Sayur,Sarapan
DP053,Sayur sop,27,1.3,2,1,0.3,168,57,1.8,0,0,0,0,20,0.1,0,0,0.2,Olahan,Sayur,Sarapan
DP061,Woku ubi,143,3.1,7.8,15,7,195,91,2.8,353,256,0.3,1,0,0.1,0,0,15,Olahan,Sayur,Sarapan
DR113,Kembang Kol,25,2.4,0.2,4.9,1.6,22,72,1.1,47,187,0.04,0.3,0,0.11,0.09,0.6,69,Tunggal,Sayur,Sarapan
DR114,"Kol merah, kol putih",29,1.4,0.2,5.3,1.9,46,31,0.5,28,236.8,0.29,0.3,0,0.06,0.07,0.3,50,Tunggal,Sayur,Sarapan
DP031,Gado-gado,137,6.1,3.2,21,1.1,301,135,7.5,0,0,0,0,3,0.1,0,0,1,Olahan,Sayur,Sarapan
AP010,"Jagung muda, rebus",142,5,0.7,30.3,0.8,5,105,0.8,5,24.3,0.2,0.9,0,0.15,0.08,0.7,0,Olahan,Serealia,Sarapan
AP060,Ketoprak,153,7.9,7.7,13,2.9,153,134,3.4,0,0,0,0,3,0.05,0,0,0,Olahan,Serealia,Sarapan
BP023,Bubur sagu,167,0.2,4,33,0,3,3,0.1,7,0,0.1,0.1,0,9,0,0.1,0,Olahan,Umbi,Sarapan
BP019,Beras Cerdas,350,2.7,1.1,82.3,6.2,28,351,2.9,358,568,0.2,0.9,0,0.02,0.2,0.3,0.2,Olahan,Umbi,Sarapan
BP020,Beras ganyong,364,3.4,0.7,86.3,4.7,4,47,5,4,72.2,0.2,0.6,0,0.02,0.02,0.3,0.2,Olahan,Umbi,Sarapan
BP021,Beras Siger,344,1.1,0.2,28.3,5.6,32,22,5.6,106,77.9,0.1,0.5,0,0.02,0.1,0.2,0.2,Olahan,Umbi,Sarapan
CP019,Pepes oncom ampas tahu,76,5.2,1.8,10.6,2.2,215,66,12.5,0,0,0,0,0,0.11,0,0,0,Olahan,Kacang,Sarapan
CP038,Kembang tahu rebus,90,10.7,4,4.7,0,85,0,0,0,0,0,0,0,0,0,0,0,Olahan,Kacang,Sarapan
CP037,Kembang tahu,380,48.9,13.8,23.3,0,378,781,2.1,55,455.3,0.68,4.2,0,0.15,0.08,0.7,0,Olahan,Kacang,Sarapan
CP050,Moon tahu,128,8,10,1.3,0.2,205,92,2.5,393,0,0,0,131,0.46,0,0,0,Olahan,Kacang,Sarapan
CP063,Tahu telur,328,12.6,19.9,24.6,0.4,492,238,4.9,755,0,0,0,73,0.42,0,0,0,Olahan,Kacang,Sarapan
CP082,Tempe pasar,150,14,7.7,9.1,1.4,517,202,1.5,7,165.9,0.4,1.2,0,0.17,0.44,3.6,0,Olahan,Kacang,Sarapan
CP062,Tahu goreng,115,9.7,8.5,2.5,0.1,229,200,4.1,7,68.2,0.09,1.3,0,0.01,0.24,0,0,Olahan,Kacang,Sarapan
CP076,"Tempe kedelai murni, goreng",350,24.5,26.6,10.4,4.2,202,296,4.9,22,626.7,0.8,2.5,0,0.24,0.6,3.3,0,Olahan,Kacang,Sarapan
CP083,Tempe pasar goreng,336,20,28,7.8,3.4,156,350,3,20,566.2,0.8,2.2,0,0.1,0.5,3,0,Olahan,Kacang,Sarapan
DP056,Shabu-shabu,88,3.2,8,0.8,0.9,217,48,2.9,514,0,0,0,82,0.2,0,0,0,Olahan,Sayur,Sarapan
DP027,Botok lamtoro,186,11.7,9.7,13,2.1,771,322,26,0,0,0,0,18,0.27,0,0,2,Olahan,Sayur,Sarapan
DP032,"Gudeg, sayur",160,3.3,9.2,16,2.3,62,55,12.8,0,0,0,0,0,0.15,0,0,0,Olahan,Sayur,Sarapan
DP033,Gulai pakis,143,4,11.4,6,1.4,548,124,1.7,0,0,0,0,11,0.35,0,0,1,Olahan,Sayur,Sarapan
DP034,Gulai pliek,176,7.3,14.9,3.2,0,39,54,1.4,257,285,0.3,0.6,0,0,0,0,0,Olahan,Sayur,Sarapan
DP057,Semur jengkol,212,6,10,29.1,0,77,99,1,0,0,0,0,0,0.14,0,0,4,Olahan,Sayur,Sarapan
EP014,Tepung Pisang,338,2.9,0.4,80.6,5.3,23,62,4,18,734,0.1,0.5,0,0.02,0.02,1,2,Olahan,Buah,Sarapan
EP006,Lempog durian,320,3.5,5.7,63.7,4.9,190,93,2.5,0,0,0,0,0,0.18,0.04,0,15,Olahan,Buah,Sarapan
FP005,Ham,384,16.9,35,0.3,0,10,136,2.5,112,819.3,0.11,0.4,0,0.7,0.95,9.7,0,Olahan,Daging,Sarapan
GP061,Fillet o-fish,270,12.3,15.9,19.3,0.2,239,272,1.8,439,0,0,0,34,0.59,0,0,0,Olahan,Ikan dsb,Sarapan
GP070,Jambal goreng,286,48.5,9.2,2.3,0,207,457,3.3,0,0,0,0,109,0.4,0,3.1,0,Olahan,Ikan dsb,Sarapan
CP069,Tauji cap singa,277,9.1,4.7,49.6,1.2,68,106,3,0,0,0,0,0,0.15,0,0,0,Olahan,Kacang,Sarapan
CP059,"Saridele, bubuk",344,30,20,43,6.2,450,500,4,56,2572.3,2.99,4,0,0.7,0.16,2,10,Olahan,Kacang,Sarapan
CP021,Bungkil kacang tanah,336,37.4,13,30.5,0,730,470,30.7,0,0,0,0,0,0.04,0,0,0,Olahan,Kacang,Sarapan
CP022,Bungkil kelapa,368,23,15,40,0,137,433,41.5,0,0,0,0,0,0,0.46,8.9,0,Olahan,Kacang,Sarapan
CR048,Lamtoro var. gung tanpa kulit,367,46.4,5.4,32.5,2.6,136,441,23.3,65,1462.3,0.07,5.6,0,0.06,1.15,1,9,Tunggal,Kacang,Sarapan
CR049,Lamtoro var. lokal dengan kulit,336,23.8,1.2,59.7,15.4,867,321,1.5,134,1858.9,0.07,5.4,0,0.15,1.34,0.9,16,Tunggal,Kacang,Sarapan
CP033,Kacang negara,480,18.4,19.1,58.5,11.7,34,404,10.3,101,385,2.5,7.1,0,0.63,0.05,2.6,0,Olahan,Kacang,Sarapan
DR086,Jamur encik,296,9.4,1.1,62,0,5,277,5.3,2,0,0.2,3.1,0,1.1,0.1,0,0,Tunggal,Sayur,Sarapan
DP025,Arwan sirsir,277,2.4,25,10.7,4.6,120,40,2.4,240,320,0.2,0.9,0,0.1,0.2,0,11,Olahan,Sayur,Sarapan
AP080,Manan samin,379,3.4,18.1,50.6,0,0,0,0,0,0,0,0,0,0,0,0,0,Olahan,Serealia,Sarapan
AP083,Masekat,369,2.1,7,74.1,4,17,52,0.8,141,12,0.4,0.3,155,0,0,0,0,Olahan,Serealia,Sarapan
AP077,Laksa/Putu mayang,121,1.7,3.4,21.1,0,0,0,0,0,0,0,0,0,0,0,0,0,Olahan,Serealia,Sarapan
AP112,Widaran,424,1.3,10.7,80.7,0.2,49,88,2.5,0,0,0,0,21,0.13,0.2,2.2,0,Olahan,Serealia,Sarapan
AP009,Nasi jagung,357,8.8,0.5,79.5,6.2,5,43,0.6,2,30.4,0.1,0.3,0,0.3,0.02,0.1,0.2,Olahan,Serealia,Sarapan
AP001,Nasi,180,3,0.3,39.8,0.2,25,27,0.4,1,38,0.1,0.6,0,0.05,0.1,2.6,0,Olahan,Serealia,Sarapan
AP002,Nasi tim,120,2.4,0.4,26,0.5,3,7,0.4,0,23.9,0.1,0.4,0,0.1,0,1.4,0,Olahan,Serealia,Sarapan
AP005,Nasi beras merah,149,2.8,0.4,32.5,0.3,6,63,0.8,5,91.4,0.2,0.9,0,0.06,0,1.6,0,Olahan,Serealia,Sarapan
AP007,Bihun goreng instan,381,6.1,3.9,80.3,0,266,151,2.9,928,0,0,0,58,0.37,0,0,0,Olahan,Serealia,Sarapan
AP014,Ketupat ketan,212,4,4.6,38.6,0.2,8,46,1,0,0,0,0,0,0.07,0,0.2,0,Olahan,Serealia,Sarapan
AP023,Misoa,345,8.5,2.2,78,0.5,52,120,8.7,3064,44,0.08,0,0,0,0.02,0.2,0,Olahan,Serealia,Sarapan
AP024,Roti putih,248,8,1.2,50,9.1,10,95,1.5,530,91,0.15,0.9,0,0.1,0.29,2.4,0,Olahan,Serealia,Sarapan
AP040,Bubur tinotuan (Manado),156,2.3,0.2,15.6,8.2,41,20,0.4,486,164,0.3,0.4,0,0.1,0.04,0,15,Olahan,Serealia,Sarapan
AP061,Ketupat kandangan,109,2.2,5.2,13.4,0,0,0,0,0,0,0,0,0,0,0,0,0,Olahan,Serealia,Sarapan
AP084,Mie aceh rebus,113,3,3.2,18.1,0,22,44,1.4,191,36,0.2,0.3,0,0,0,0,0,Olahan,Serealia,Sarapan
AP085,Mie ayam,102,6.2,3.9,10.5,0,262,51,1.8,279,0,0,0,39,0.85,0,0,0,Olahan,Serealia,Sarapan
AP086,Mie bakso,114,5.3,3,16.4,0.1,286,53,1.9,760,0,0,0,17,0.16,0,0,0,Olahan,Serealia,Sarapan
AP087,Mie celon,102,3,2.1,17.8,0,12,84,1.4,451,112,0.1,0.5,0,0,0,0,0,Olahan,Serealia,Sarapan
AP088,Mie pangsit basah,105,5.9,4.9,9.4,0,208,48,2,530,0,0,0,25,0.46,0,0,0,Olahan,Serealia,Sarapan
AP089,Nasi gemuk,192,3.8,8.8,24.4,0.7,15,74,1,355,63,0.2,1.4,0,0.19,0.05,2,0,Olahan,Serealia,Sarapan
AP090,Nasi gurih,190,4.7,7.5,26,0.7,12,62,0.8,296,52,0.2,1.2,0,0.11,0.06,2.1,0,Olahan,Serealia,Sarapan
AP091,Nasi minyak,207,3.5,5,37.1,0.8,26,100,1.5,74,174,0.2,2.2,0,0.14,0.07,2.6,0,Olahan,Serealia,Sarapan
AP092,Nasi rames,155,10.3,4.2,19.1,0,239,62,1.8,265,0,0,0,96,0.59,0,0,0,Olahan,Serealia,Sarapan
AP098,Pundut nasi,104,1.9,4.1,15.1,0.4,26,100,1.5,74,174,0,0,0,0,0,0,0,Olahan,Serealia,Sarapan
AP103,Roti boong,341,5.5,16.2,43.3,0,15,65,1.1,161,41,0,0.9,0,0.4,0.3,2.4,0,Olahan,Serealia,Sarapan
AP104,Roti warna sawo matang,249,7.9,1.5,49.7,0,20,140,2.5,500,91,0,0,0,0.15,0,0,0,Olahan,Serealia,Sarapan
AP106,Spaghetti,139,7.4,2.1,22.6,0,109,53,4.7,0,0,0,0,42,0.35,0,0,0,Olahan,Serealia,Sarapan
HP001,"Telur ayam, dadar, masakan",251,16.3,19.4,1.4,0,62,250,2.5,0,0,0,0,36,0.21,0,0,0,Olahan,Telur,Sarapan
HP003,"Telur bebek, dadar, masakan",301,20,23.7,0,0,71,600,9.2,0,0,0,0,122,0.35,0,0,0,Olahan,Telur,Sarapan
BP050,Mie Bendo,353,0.3,0,88,2.4,28,14,2.8,9,49.2,0.5,0.1,0,0.02,0,0.1,0.2,Olahan,Umbi,Sarapan
BP051,Mie Sagu,190,0.2,0.4,46.5,1.4,8,7,0.3,10,2.6,0.1,0,0,0,0.4,0,0.2,Olahan,Umbi,Sarapan
